"ANO","NIVEL","CODMUNRES","IDHM_A","IDHM_CA","IDHM_CA_M","IDHM_CA_F"
"2015","UF","17","0,699","0,699","0,664","0,724"
"2015","MUNICIPIO","1700251","0,665","0,699","0,664","0,724"
"2015","MUNICIPIO","1700301","0,657","0,699","0,664","0,724"
"2015","MUNICIPIO","1700350","0,663","0,699","0,664","0,724"
"2015","MUNICIPIO","1700400","0,636","0,699","0,664","0,724"
"2015","MUNICIPIO","1700707","0,699","0,699","0,664","0,724"
"2015","MUNICIPIO","1700707","0,708","0,699","0,664","0,724"
"2015","MUNICIPIO","1701002","0,671","0,699","0,664","0,724"
"2015","MUNICIPIO","1701051","0,648","0,699","0,664","0,724"
"2015","MUNICIPIO","1701101","0,651","0,699","0,664","0,724"
"2015","MUNICIPIO","1701309","0,593","0,699","0,664","0,724"
"2015","MUNICIPIO","1701903","0,639","0,699","0,664","0,724"
"2015","MUNICIPIO","1702000","0,675","0,699","0,664","0,724"
"2015","MUNICIPIO","1702109","0,752","0,699","0,664","0,724"
"2015","MUNICIPIO","1702158","0,604","0,699","0,664","0,724"
"2015","MUNICIPIO","1702158","0,533","0,699","0,664","0,724"
"2015","MUNICIPIO","1702208","0,631","0,699","0,664","0,724"
"2015","MUNICIPIO","1702307","0,68","0,699","0,664","0,724"
"2015","MUNICIPIO","1702406","0,651","0,699","0,664","0,724"
"2015","MUNICIPIO","1702554","0,67","0,699","0,664","0,724"
"2015","MUNICIPIO","1702703","0,677","0,699","0,664","0,724"
"2015","MUNICIPIO","1702901","0,627","0,699","0,664","0,724"
"2015","MUNICIPIO","1703008","0,642","0,699","0,664","0,724"
"2015","MUNICIPIO","1703057","0,638","0,699","0,664","0,724"
"2015","MUNICIPIO","1703073","0,603","0,699","0,664","0,724"
"2015","MUNICIPIO","1703107","0,642","0,699","0,664","0,724"
"2015","MUNICIPIO","1703206","0,638","0,699","0,664","0,724"
"2015","MUNICIPIO","1703305","0,66","0,699","0,664","0,724"
"2015","MUNICIPIO","1703305","0,589","0,699","0,664","0,724"
"2015","MUNICIPIO","1703602","0,684","0,699","0,664","0,724"
"2015","MUNICIPIO","1703701","0,686","0,699","0,664","0,724"
"2015","MUNICIPIO","1703800","0,627","0,699","0,664","0,724"
"2015","MUNICIPIO","1703826","0,757","0,699","0,664","0,724"
"2015","MUNICIPIO","1703826","0,579","0,699","0,664","0,724"
"2015","MUNICIPIO","1703826","0,627","0,699","0,664","0,724"
"2015","MUNICIPIO","1703842","0,544","0,699","0,664","0,724"
"2015","MUNICIPIO","1703867","0,662","0,699","0,664","0,724"
"2015","MUNICIPIO","1703883","0,64","0,699","0,664","0,724"
"2015","MUNICIPIO","1703891","0,594","0,699","0,664","0,724"
"2015","MUNICIPIO","1703909","0,658","0,699","0,664","0,724"
"2015","MUNICIPIO","1704105","0,701","0,699","0,664","0,724"
"2015","MUNICIPIO","1704105","0,569","0,699","0,664","0,724"
"2015","MUNICIPIO","1705102","0,62","0,699","0,664","0,724"
"2015","MUNICIPIO","1704600","0,619","0,699","0,664","0,724"
"2015","MUNICIPIO","1705508","0,701","0,699","0,664","0,724"
"2015","MUNICIPIO","1716703","0,671","0,699","0,664","0,724"
"2015","MUNICIPIO","1705557","0,697","0,699","0,664","0,724"
"2015","MUNICIPIO","1705607","0,592","0,699","0,664","0,724"
"2015","MUNICIPIO","1706001","0,605","0,699","0,664","0,724"
"2015","MUNICIPIO","1706100","0,673","0,699","0,664","0,724"
"2015","MUNICIPIO","1706258","0,644","0,699","0,664","0,724"
"2015","MUNICIPIO","1706506","0,581","0,699","0,664","0,724"
"2015","MUNICIPIO","1707009","0,701","0,699","0,664","0,724"
"2015","MUNICIPIO","1707108","0,683","0,699","0,664","0,724"
"2015","MUNICIPIO","1707207","0,583","0,699","0,664","0,724"
"2015","MUNICIPIO","1707306","0,679","0,699","0,664","0,724"
"2015","MUNICIPIO","1707405","0,57","0,699","0,664","0,724"
"2015","MUNICIPIO","1707405","0,605","0,699","0,664","0,724"
"2015","MUNICIPIO","1707553","0,559","0,699","0,664","0,724"
"2015","MUNICIPIO","1707553","0,697","0,699","0,664","0,724"
"2015","MUNICIPIO","1707652","0,689","0,699","0,664","0,724"
"2015","MUNICIPIO","1707702","0,621","0,699","0,664","0,724"
"2015","MUNICIPIO","1707702","0,565","0,699","0,664","0,724"
"2015","MUNICIPIO","1708205","0,67","0,699","0,664","0,724"
"2015","MUNICIPIO","1708254","0,659","0,699","0,664","0,724"
"2015","MUNICIPIO","1708304","0,621","0,699","0,664","0,724"
"2015","MUNICIPIO","1709005","0,576","0,699","0,664","0,724"
"2015","MUNICIPIO","1709302","0,741","0,699","0,664","0,724"
"2015","MUNICIPIO","1709500","0,759","0,699","0,664","0,724"
"2015","MUNICIPIO","1709807","0,573","0,699","0,664","0,724"
"2015","MUNICIPIO","1709807","0,62","0,699","0,664","0,724"
"2015","MUNICIPIO","1710508","0,612","0,699","0,664","0,724"
"2015","MUNICIPIO","1710706","0,616","0,699","0,664","0,724"
"2015","MUNICIPIO","1710904","0,601","0,699","0,664","0,724"
"2015","MUNICIPIO","1711100","0,65","0,699","0,664","0,724"
"2015","MUNICIPIO","1711506","0,662","0,699","0,664","0,724"
"2015","MUNICIPIO","1711803","0,584","0,699","0,664","0,724"
"2015","MUNICIPIO","1711902","0,627","0,699","0,664","0,724"
"2015","MUNICIPIO","1711951","0,579","0,699","0,664","0,724"
"2015","MUNICIPIO","1712009","0,778","0,699","0,664","0,724"
"2015","MUNICIPIO","1712009","0,675","0,699","0,664","0,724"
"2015","MUNICIPIO","1712157","0,66","0,699","0,664","0,724"
"2015","MUNICIPIO","1712405","0,57","0,699","0,664","0,724"
"2015","MUNICIPIO","1712454","0,639","0,699","0,664","0,724"
"2015","MUNICIPIO","1712504","0,631","0,699","0,664","0,724"
"2015","MUNICIPIO","1712702","0,607","0,699","0,664","0,724"
"2015","MUNICIPIO","1712801","0,58","0,699","0,664","0,724"
"2015","MUNICIPIO","1713205","0,684","0,699","0,664","0,724"
"2015","MUNICIPIO","1713304","0,662","0,699","0,664","0,724"
"2015","MUNICIPIO","1713601","0,622","0,699","0,664","0,724"
"2015","MUNICIPIO","1713700","0,62","0,699","0,664","0,724"
"2015","MUNICIPIO","1713957","0,596","0,699","0,664","0,724"
"2015","MUNICIPIO","1714203","0,673","0,699","0,664","0,724"
"2015","MUNICIPIO","1714203","0,73","0,699","0,664","0,724"
"2015","MUNICIPIO","1714302","0,641","0,699","0,664","0,724"
"2015","MUNICIPIO","1714302","0,643","0,699","0,664","0,724"
"2015","MUNICIPIO","1714880","0,625","0,699","0,664","0,724"
"2015","MUNICIPIO","1714880","0,631","0,699","0,664","0,724"
"2015","MUNICIPIO","1714880","0,573","0,699","0,664","0,724"
"2015","MUNICIPIO","1715002","0,661","0,699","0,664","0,724"
"2015","MUNICIPIO","1715101","0,639","0,699","0,664","0,724"
"2015","MUNICIPIO","1715150","0,699","0,699","0,664","0,724"
"2015","MUNICIPIO","1715259","0,596","0,699","0,664","0,724"
"2015","MUNICIPIO","1715507","0,675","0,699","0,664","0,724"
"2015","MUNICIPIO","1721000","0,788","0,699","0,664","0,724"
"2015","MUNICIPIO","1721000","0,66","0,699","0,664","0,724"
"2015","MUNICIPIO","1715705","0,571","0,699","0,664","0,724"
"2015","MUNICIPIO","1713809","0,628","0,699","0,664","0,724"
"2015","MUNICIPIO","1715754","0,673","0,699","0,664","0,724"
"2015","MUNICIPIO","1716109","0,764","0,699","0,664","0,724"
"2015","MUNICIPIO","1716208","0,595","0,699","0,664","0,724"
"2015","MUNICIPIO","1716307","0,574","0,699","0,664","0,724"
"2015","MUNICIPIO","1716307","0,661","0,699","0,664","0,724"
"2015","MUNICIPIO","1716505","0,732","0,699","0,664","0,724"
"2015","MUNICIPIO","1716604","0,674","0,699","0,664","0,724"
"2015","MUNICIPIO","1716653","0,627","0,699","0,664","0,724"
"2015","MUNICIPIO","1717008","0,605","0,699","0,664","0,724"
"2015","MUNICIPIO","1717206","0,621","0,699","0,664","0,724"
"2015","MUNICIPIO","1717503","0,65","0,699","0,664","0,724"
"2015","MUNICIPIO","1717800","0,603","0,699","0,664","0,724"
"2015","MUNICIPIO","1717909","0,624","0,699","0,664","0,724"
"2015","MUNICIPIO","1718006","0,645","0,699","0,664","0,724"
"2015","MUNICIPIO","1718204","0,74","0,699","0,664","0,724"
"2015","MUNICIPIO","1718303","0,583","0,699","0,664","0,724"
"2015","MUNICIPIO","1718402","0,669","0,699","0,664","0,724"
"2015","MUNICIPIO","1718402","0,657","0,699","0,664","0,724"
"2015","MUNICIPIO","1718451","0,669","0,699","0,664","0,724"
"2015","MUNICIPIO","1718501","0,5","0,699","0,664","0,724"
"2015","MUNICIPIO","1718550","0,632","0,699","0,664","0,724"
"2015","MUNICIPIO","1718550","0,572","0,699","0,664","0,724"
"2015","MUNICIPIO","1718659","0,608","0,699","0,664","0,724"
"2015","MUNICIPIO","1718709","0,616","0,699","0,664","0,724"
"2015","MUNICIPIO","1718758","0,6","0,699","0,664","0,724"
"2015","MUNICIPIO","1718808","0,606","0,699","0,664","0,724"
"2015","MUNICIPIO","1718840","0,659","0,699","0,664","0,724"
"2015","MUNICIPIO","1718865","0,616","0,699","0,664","0,724"
"2015","MUNICIPIO","1718881","0,634","0,699","0,664","0,724"
"2015","MUNICIPIO","1718899","0,651","0,699","0,664","0,724"
"2015","MUNICIPIO","1718907","0,595","0,699","0,664","0,724"
"2015","MUNICIPIO","1719004","0,662","0,699","0,664","0,724"
"2015","MUNICIPIO","1720002","0,637","0,699","0,664","0,724"
"2015","MUNICIPIO","1720101","0,605","0,699","0,664","0,724"
"2015","MUNICIPIO","1720150","0,574","0,699","0,664","0,724"
"2015","MUNICIPIO","1720200","0,623","0,699","0,664","0,724"
"2015","MUNICIPIO","1720259","0,605","0,699","0,664","0,724"
"2015","MUNICIPIO","1720309","0,573","0,699","0,664","0,724"
"2015","MUNICIPIO","1720499","0,643","0,699","0,664","0,724"
"2015","MUNICIPIO","1720655","0,675","0,699","0,664","0,724"
"2015","MUNICIPIO","1720804","0,604","0,699","0,664","0,724"
"2015","MUNICIPIO","1720853","0,667","0,699","0,664","0,724"
"2015","MUNICIPIO","1720903","0,634","0,699","0,664","0,724"
"2015","MUNICIPIO","1720937","0,601","0,699","0,664","0,724"
"2015","MUNICIPIO","1720978","0,654","0,699","0,664","0,724"
"2015","MUNICIPIO","1721109","0,589","0,699","0,664","0,724"
"2015","MUNICIPIO","1721208","0,681","0,699","0,664","0,724"
"2015","MUNICIPIO","1721257","0,67","0,699","0,664","0,724"
"2015","MUNICIPIO","1721307","0,587","0,699","0,664","0,724"
"2015","MUNICIPIO","1722081","0,638","0,699","0,664","0,724"
"2015","MUNICIPIO","1722107","0,671","0,699","0,664","0,724"
