"ANO","NIVEL","CODMUNRES","POPRE_T","POPRC_T","POPRC_M","POPRC_F","POPRC_15","POPRC_15_49","POPRC_50","POPRC_F_15","POPRC_F_15_49","POPRC_F_50","IDHM_A","IDHM_CA","IDHM_CA_M","IDHM_CA_F","TN","TNRC","TNRCR","TGI_15","TGI_15_19","TGI_20_24","TGI_25_29","TGI_30_34","TGI_35_39","TGI_40_44","TGI_45_49","TGI_50","TGIF","IM_P25","IM_P50","IM_P75","IM_MD","IM_DP","EM_S","EM_FI","EM_FII","EM_M","EM_SI","EM_SC","TGRC_B","TGRC_PT","TGRC_A","TGRC_PD","TGRC_I","TGSC","TGCC","TGPRI","TGNPRI","TGU","TGG","TGD_22","TGD_22_27","TGD_28_31","TGD_32_36","TGD_37_41","TGD_42","TGD_PRT","TGD_AT","TGD_PST","DG_P25","DG_P50","DG_P75","DG_MD","DG_DP","TKC_NR","TKC_ID","TKC_IT","TKC_AD","TKC_MAD","TGPRG_S","TGPRG_N","TPV","TPC","TRAP_C","TRAP_P","TRAP_T","TGROB_1","TGROB_2","TGROB_3","TGROB_4","TGROB_5","TGROB_6","TGROB_7","TGROB_8","TGROB_9","TGROB_10","TNLOC_H","TNLOC_ES","TNLOC_D","TNLOC_O","TNLOC_AI","TRS_M","TRS_F","TRRC_B","TRRC_PT","TRRC_A","TRRC_PD","TRRC_I","TRP_BP","TRP_N","TRP_M","PESO_P25","PESO_P50","PESO_P75","PESO_MD","PESO_DP","TRPIG_P","TRPIG_A","TRPIG_G","TRAPG5_B","TRAPG5_N","APG5_MD","APG5_DP","TRAC","TRSAC","TO","TORC","TORCR","TO_NN","TO_N","TO_CB_I","TO_CB_N","TO_CB_C","TO_CB_R","TO_CB_O","TO_M","TO_F","TO_F_IF","TO_FT","TO_NT","TO_NT_P","TO_NT_T","TO_PNT","TO_MT_G","TONT_B","TONT_PT","TONT_A","TONT_PD","TONT_I","TO_MT","TO_MT_DG","TO_MT_PT","TO_MT_AB","TO_MT_42","TO_MT_43","TO_MT_P","TO_MT_P_I","TO_MT_P_ES","TO_MT_P_EFI","TO_MT_P_EFII","TO_MT_P_EM","TO_MT_P_ESI","TO_MT_P_ESC","POPR_RA","POPR_RE","TFG","TMG","RMM","TMM","TMM_P","TMN","TMN_P","TMN_T","TMI"
2015,"UF","17",1515126,1383445,702424,681021,397972,762475,222998,194993,378421,107607,"0,699","0,699","0,664","0,724",25110,0,21816,315,5477,6959,5912,4156,1901,367,21,2,24793,20,24,30,25.04,6.45,131,0,0,0,1586,3017,3130,1258,170,19586,555,9469,15389,9203,15907,24627,447,11,85,256,2299,21200,875,2651,21200,875,38,39,40,38.65,2.19,0,5494,2256,2937,13138,11304,13806,11727,0,24077,781,38,4695,3088,5643,2681,5057,258,398,456,38,2227,0,0,0,0,0,12772,12335,0,0,0,0,0,1861,21873,1373,2937,3245,3550,3215.78,543.48,1580,19605,2649,240,24404,9.43,0.89,246,24652,7402,0,0,1393,6009,244,1073,2174,639,1879,4465,2932,503,0,219,181,38,108,9,62,3,0,123,5,31,9,2,0,11,9,22,21,1,3,4,10,0,1,1233014,341164,66.3546684777008,4.88540227017423,123.456790123457,8.19193437996306,5.81363085029636,8.72162485065711,7.20828355236957,1.51334129828753,13.0227001194743
2015,"MUNICIPIO","170000",NA,NA,NA,NA,NA,NA,NA,NA,NA,NA,NA,NA,NA,NA,4,0,1,0,0,1,3,0,0,0,0,0,4,23.75,26,27.25,25,3.56,0,0,0,0,0,0,1,0,0,1,0,1,3,0,4,4,0,0,0,0,1,3,0,1,3,0,37.5,38.5,39,38,1.41,0,0,1,0,2,4,0,0,0,3,0,0,0,0,1,0,1,0,0,0,0,1,0,0,0,0,0,1,3,0,0,0,0,0,0,4,0,3452.5,3650,3735,3537.5,302.59,0,3,1,0,4,9.5,0.58,0,4,26,0,0,19,7,1,1,4,0,1,23,3,1,0,0,0,0,0,0,0,0,0,0,0,0,0,0,0,0,0,0,0,0,0,0,0,0,0,NA,NA,NA,NA,0,NA,NA,0,0,0,0
2015,"MUNICIPIO","1700251",2539,2391,1261,1130,754,1168,469,377,557,196,"0,665","0,699","0,664","0,724",30,0,28,1,6,12,5,3,3,0,0,0,29,20,22,28,24,6.7,0,0,0,0,1,3,3,1,0,25,0,9,21,12,18,30,0,0,0,0,3,24,3,3,24,3,38,39,40,38.93,1.74,0,10,6,4,10,29,1,21,0,28,2,0,9,2,10,1,4,1,1,0,0,2,0,0,0,0,0,16,14,0,0,0,0,0,1,26,3,3272.5,3420,3680,3413.13,577.8,1,24,4,0,30,9.7,0.75,0,30,17,0,0,2,15,1,2,3,4,5,12,5,1,0,0,0,0,0,0,0,0,0,0,0,0,0,0,0,0,0,0,0,0,0,0,0,0,0,1557,NA,53.8599640933573,6.69554942890902,0,0,0,0,0,0,0
2015,"MUNICIPIO","1700301",6149,5162,2618,2544,1704,2768,690,852,1359,333,"0,657","0,699","0,664","0,724",77,0,65,0,22,23,13,17,2,0,0,0,77,19,23,29,24.16,5.93,1,0,0,0,1,6,5,4,0,63,1,51,23,28,49,75,2,0,1,0,3,71,2,4,71,2,38,39.5,40,39.16,2.03,0,14,5,14,43,77,0,41,0,73,1,0,16,11,18,5,18,0,0,2,0,4,0,0,0,0,0,40,37,0,0,0,0,0,2,70,5,3000,3190,3430,3221.83,422.57,6,58,9,1,76,9.49,0.75,1,74,29,0,0,4,25,0,4,11,1,9,17,12,1,0,1,1,0,0,0,1,0,0,0,0,0,0,0,0,0,0,0,0,0,0,0,0,0,0,5492,1669,56.6593083149375,4.7162140185396,0,0,0,12.987012987013,12.987012987013,0,12.987012987013
2015,"MUNICIPIO","1700350",5605,5671,2907,2764,1523,2919,1229,729,1433,602,"0,663","0,699","0,664","0,724",71,0,55,2,22,16,14,8,8,1,0,0,69,18.5,22,29,24.35,7.31,0,0,0,0,4,3,3,4,4,59,0,26,44,27,44,67,4,0,2,0,9,54,4,11,54,4,37,39,40,38.14,3.39,0,18,3,4,41,71,0,30,0,68,3,0,14,6,13,9,14,1,1,4,0,7,0,0,0,0,0,43,28,0,0,0,0,0,7,57,7,2894,3160,3627.5,3179.27,685.79,6,45,12,1,70,9.58,1.25,0,68,29,0,0,1,28,1,5,12,2,8,18,11,1,0,1,1,0,0,0,0,0,0,1,0,0,0,0,0,0,0,0,0,0,0,0,0,0,0,4880,NA,49.546406140963,5.17395182872435,0,0,0,14.0845070422535,14.0845070422535,0,14.0845070422535
2015,"MUNICIPIO","1700400",7409,7586,3965,3621,2508,3729,1349,1186,1785,650,"0,636","0,699","0,664","0,724",108,0,102,1,36,23,20,18,7,3,0,0,107,19,23,30,24.31,6.76,1,0,0,0,3,6,3,17,1,86,0,42,65,34,74,108,0,0,0,2,11,89,3,13,89,3,38,39,40,38.48,1.98,0,28,8,3,65,106,2,59,0,106,1,0,18,11,24,20,19,0,1,0,0,12,0,0,0,0,0,62,46,0,0,0,0,0,11,91,6,2922.5,3170,3545,3193.88,541.94,9,82,14,2,105,9.42,1.3,1,107,46,0,0,5,41,4,7,12,4,14,27,19,6,0,4,4,0,1,0,0,0,0,4,0,0,0,0,0,0,0,0,0,0,0,0,0,0,0,7368,NA,60.5042016806723,6.20866513699555,0,0,0,37.037037037037,37.037037037037,0,46.2962962962963
2015,"MUNICIPIO","1700707",8536,8374,4252,4122,2201,4578,1595,1070,2271,781,"0,699","0,699","0,664","0,724",122,0,108,1,20,33,27,25,13,3,0,0,121,21,25.5,31.75,26.39,6.67,0,0,0,0,7,14,27,3,1,89,0,31,88,39,83,122,0,0,2,2,11,94,11,15,94,11,38,39,40,38.38,2.85,0,23,5,6,84,121,1,49,0,119,2,0,20,14,28,10,31,0,2,0,0,14,0,0,0,0,0,56,66,0,0,0,0,0,5,112,5,2962.25,3292,3608,3220.36,626.42,6,95,16,2,120,9.64,1.27,2,120,64,0,0,20,44,2,9,13,3,17,38,26,5,0,3,2,1,1,0,1,0,0,1,0,1,0,0,0,0,1,0,0,0,0,0,0,0,0,8522,NA,53.7208278291502,7.49765698219306,819.672131147541,44.0334654337296,0,24.5901639344262,16.3934426229508,8.19672131147541,32.7868852459016
2015,"MUNICIPIO","1700707",8536,8374,4252,4122,2201,4578,1595,1070,2271,781,"0,708","0,699","0,664","0,724",122,0,108,1,20,33,27,25,13,3,0,0,121,21,25.5,31.75,26.39,6.67,0,0,0,0,7,14,27,3,1,89,0,31,88,39,83,122,0,0,2,2,11,94,11,15,94,11,38,39,40,38.38,2.85,0,23,5,6,84,121,1,49,0,119,2,0,20,14,28,10,31,0,2,0,0,14,0,0,0,0,0,56,66,0,0,0,0,0,5,112,5,2962.25,3292,3608,3220.36,626.42,6,95,16,2,120,9.64,1.27,2,120,64,0,0,20,44,2,9,13,3,17,38,26,5,0,3,2,1,1,0,1,0,0,1,0,1,0,0,0,0,1,0,0,0,0,0,0,0,0,8522,NA,53.7208278291502,7.49765698219306,819.672131147541,44.0334654337296,0,24.5901639344262,16.3934426229508,8.19672131147541,32.7868852459016
2015,"MUNICIPIO","1701002",9848,9865,4981,4884,3077,5145,1643,1544,2525,815,"0,671","0,699","0,664","0,724",175,0,165,3,54,47,37,21,8,2,3,0,172,18.5,23,27,23.85,6.78,3,0,0,0,7,14,12,8,1,152,0,123,50,65,110,172,3,0,2,0,14,158,1,16,158,1,38,39,40,38.67,2.15,0,36,15,27,95,167,8,102,0,170,4,0,37,20,35,32,31,1,1,3,0,14,0,0,0,0,0,96,79,0,0,0,0,0,12,155,8,2915,3260,3580,3198.87,586.11,10,148,14,4,171,9.12,1.04,3,171,57,0,0,6,51,3,9,26,3,10,34,22,3,0,1,1,0,2,0,0,0,0,1,0,0,0,0,0,0,0,0,0,0,0,0,0,0,0,9840,4509,69.3069306930693,5.78797725426482,0,0,0,5.71428571428571,5.71428571428571,0,17.1428571428571
2015,"MUNICIPIO","1701051",3379,3175,1673,1502,954,1625,596,428,805,269,"0,648","0,699","0,664","0,724",45,0,41,0,9,8,20,4,4,0,0,0,45,21,26,29,25.58,5.35,1,0,0,0,2,3,0,2,0,43,0,28,17,17,28,43,2,0,0,1,1,43,0,2,43,0,38,39,40,38.71,1.66,0,8,5,9,22,45,0,24,0,43,2,0,9,5,14,4,8,1,1,2,0,1,0,0,0,0,0,22,23,0,0,0,0,0,6,37,2,2840,3070,3470,3101.29,534.37,3,38,2,1,43,9.14,0.82,1,44,18,0,0,0,18,4,2,5,3,4,11,7,1,0,0,0,0,0,0,0,0,0,0,0,0,0,0,0,0,0,0,0,0,0,0,0,0,0,2048,NA,55.9006211180124,5.32701982835158,0,0,0,0,0,0,0
2015,"MUNICIPIO","1701101",4618,4213,2170,2043,1279,2117,817,645,1025,373,"0,651","0,699","0,664","0,724",81,0,76,1,20,22,19,11,5,2,1,0,80,19,23,29,24.7,7,0,0,0,0,1,4,4,2,1,74,0,17,64,26,55,80,1,0,0,1,4,76,0,5,76,0,38,39,40,38.84,1.52,0,24,6,6,45,81,0,37,0,79,0,1,16,7,21,11,19,0,0,1,1,4,0,0,0,0,0,48,33,0,0,0,0,0,5,73,3,2960,3255,3590,3260.49,528.73,4,68,8,2,78,9.28,1.3,2,77,20,0,0,4,16,0,2,7,1,6,10,10,2,0,1,0,1,0,0,0,0,0,1,0,0,0,0,0,0,0,0,0,0,0,0,0,0,0,3587,NA,79.0243902439024,4.3308791684712,0,0,0,12.3456790123457,0,12.3456790123457,12.3456790123457
2015,"MUNICIPIO","1701309",5910,5882,3138,2744,1723,2952,1207,842,1391,511,"0,593","0,699","0,664","0,724",68,0,65,0,9,22,15,17,4,1,0,0,68,21,25,30,25.63,5.85,0,0,0,0,4,8,8,2,0,58,0,49,19,22,46,66,2,0,0,1,5,61,1,6,61,1,38.75,39,40,38.71,1.75,0,12,9,13,34,68,0,34,0,66,2,0,10,11,11,11,18,0,2,2,0,3,0,0,0,0,0,29,39,0,0,0,0,0,3,61,4,2963.75,3245,3542.5,3247.72,483.09,2,57,7,0,68,9.12,0.64,1,67,20,0,0,3,17,0,5,5,1,6,9,11,0,0,0,0,0,0,0,0,0,0,0,0,0,0,0,0,0,0,0,0,0,0,0,0,0,0,2249,NA,48.8856937455068,3.38409475465313,0,0,0,0,0,0,0
2015,"MUNICIPIO","1701903",6863,6317,3331,2986,1976,3145,1196,930,1538,518,"0,639","0,699","0,664","0,724",84,0,66,1,24,28,18,7,6,0,0,0,83,19,22,26,23.44,5.92,0,0,0,0,2,7,9,5,1,63,0,23,60,32,52,81,2,0,1,0,12,64,7,13,64,7,38,39,40,38.75,2.75,0,17,4,17,34,59,25,47,0,82,1,0,17,10,21,6,15,0,1,2,0,11,0,0,0,0,0,35,49,0,0,0,0,0,8,70,6,3000,3350,3608.25,3261.49,615.42,4,67,8,1,83,9.26,1.02,0,84,20,0,0,3,17,0,3,7,1,6,13,7,2,0,2,1,1,0,0,0,0,0,2,0,0,0,0,0,0,0,0,0,0,0,0,0,0,0,3144,NA,54.6163849154746,2.91417747340813,0,0,0,23.8095238095238,11.9047619047619,11.9047619047619,23.8095238095238
2015,"MUNICIPIO","1702000",8777,8786,4511,4275,2143,4658,1985,1027,2290,958,"0,675","0,699","0,664","0,724",99,0,76,2,26,29,17,17,6,2,0,0,97,19,23,29.5,24.56,6.69,0,0,0,0,4,7,18,5,1,72,1,27,67,34,65,99,0,0,1,2,7,81,6,10,81,6,38,38,39,38.35,2.5,0,30,5,15,41,54,45,46,0,93,2,1,24,5,24,6,23,1,1,0,1,10,0,0,0,0,0,54,45,0,0,0,0,0,11,79,9,2934,3340,3795,3254.35,655.76,8,69,18,4,95,9.14,1.36,1,95,45,0,0,6,39,0,4,15,3,17,28,17,1,0,1,1,0,0,0,0,0,0,1,0,1,0,0,0,1,0,1,1,0,0,0,1,0,0,6230,NA,43.2314410480349,5.12703657286089,1010.10101010101,43.6681222707424,43.6681222707424,10.1010101010101,10.1010101010101,0,10.1010101010101
2015,"MUNICIPIO","1702109",170183,150484,73587,76897,40339,88716,21429,19939,45885,11073,"0,752","0,699","0,664","0,724",3181,0,3073,32,596,894,816,557,242,42,2,0,3149,20,25,30,25.4,6.2,9,0,0,0,248,440,428,105,5,2636,6,2050,1128,1167,2014,3128,53,0,8,26,191,2943,10,225,2943,10,38,39,40,38.65,1.73,0,509,255,533,1862,27,3154,1347,0,3057,111,4,602,430,695,419,702,48,48,53,4,168,0,0,0,0,0,1626,1554,0,0,0,0,0,213,2801,167,2955,3250,3526,3221.86,522.63,176,2667,279,30,3125,9.18,0.77,27,3153,912,0,0,199,713,24,154,261,76,198,570,341,60,0,25,22,3,10,0,7,0,0,17,0,4,0,1,0,1,2,2,2,0,0,0,2,0,0,170166,29819,69.3254876321238,5.35893714413308,125.746620559572,8.717445788384,4.358722894192,7.85916378497328,6.91606413077649,0.943099654196794,11.0028292989626
2015,"MUNICIPIO","1702158",5515,5030,2584,2446,1649,2592,789,813,1245,388,"0,604","0,699","0,664","0,724",92,0,80,2,24,28,17,16,5,0,0,0,90,19,23,28,23.96,6.31,3,0,0,0,0,2,6,5,0,81,0,55,37,27,65,88,4,0,1,0,7,81,1,8,81,1,38,39,40,38.51,2.32,0,23,15,19,33,92,0,44,0,86,3,0,12,11,25,15,13,0,3,4,0,5,0,0,0,0,0,40,52,0,0,0,0,0,9,80,3,2995,3247.5,3577.5,3203.91,540.89,5,74,6,1,91,9.1,0.65,1,91,27,0,0,3,24,0,4,10,1,9,16,11,2,0,1,1,0,0,0,0,0,0,1,0,0,0,0,0,0,0,0,0,0,0,0,0,0,0,4618,NA,73.8955823293173,4.89573889392566,0,0,0,10.8695652173913,10.8695652173913,0,10.8695652173913
2015,"MUNICIPIO","1702158",5515,5030,2584,2446,1649,2592,789,813,1245,388,"0,533","0,699","0,664","0,724",92,0,80,2,24,28,17,16,5,0,0,0,90,19,23,28,23.96,6.31,3,0,0,0,0,2,6,5,0,81,0,55,37,27,65,88,4,0,1,0,7,81,1,8,81,1,38,39,40,38.51,2.32,0,23,15,19,33,92,0,44,0,86,3,0,12,11,25,15,13,0,3,4,0,5,0,0,0,0,0,40,52,0,0,0,0,0,9,80,3,2995,3247.5,3577.5,3203.91,540.89,5,74,6,1,91,9.1,0.65,1,91,27,0,0,3,24,0,4,10,1,9,16,11,2,0,1,1,0,0,0,0,0,0,1,0,0,0,0,0,0,0,0,0,0,0,0,0,0,0,4618,NA,73.8955823293173,4.89573889392566,0,0,0,10.8695652173913,10.8695652173913,0,10.8695652173913
2015,"MUNICIPIO","1702208",34392,31329,15968,15361,10419,15888,5022,5054,7871,2436,"0,631","0,699","0,664","0,724",599,0,304,5,163,181,124,84,38,4,0,0,594,19,23,28,24.03,6.17,3,0,0,0,19,53,23,12,0,543,1,181,409,212,387,595,4,1,1,5,60,439,60,67,439,60,38,39,40,39.04,2.48,0,98,41,37,218,599,0,363,0,584,10,2,120,58,148,74,86,1,7,4,2,65,0,0,0,0,0,317,281,0,0,0,0,0,38,530,31,2955,3250,3530,3234.35,518.06,34,432,61,8,537,9.16,0.88,8,588,166,0,0,27,139,7,16,55,13,48,107,59,5,0,7,6,1,1,0,0,0,0,7,0,0,0,0,0,0,0,0,0,0,0,0,0,0,0,NA,NA,76.1021471223479,4.82670388462433,0,0,0,11.686143572621,10.016694490818,1.669449081803,13.355592654424
2015,"MUNICIPIO","1702307",6799,6742,3447,3295,2021,3531,1190,976,1743,576,"0,68","0,699","0,664","0,724",95,0,79,2,25,32,19,12,4,1,0,0,93,19,22,27,23.43,5.99,0,0,0,0,3,13,12,9,1,70,0,53,39,41,54,95,0,0,0,1,6,82,3,7,82,3,38,39,40,38.77,1.84,0,16,9,15,53,59,36,40,0,89,4,0,22,12,17,10,18,1,3,0,0,7,0,0,0,0,0,38,57,0,0,0,0,0,5,80,10,2992.5,3300,3645,3313.76,544.28,5,72,14,0,92,9.42,0.63,2,88,32,0,0,4,28,1,3,13,3,8,18,14,4,0,1,1,0,0,0,0,0,0,1,0,0,0,0,0,0,0,0,0,0,0,0,0,0,0,5762,NA,54.5037292025244,4.70657449624945,0,0,0,10.5263157894737,10.5263157894737,0,10.5263157894737
2015,"MUNICIPIO","1702406",10778,10645,5393,5252,3138,5347,2160,1555,2631,1066,"0,651","0,699","0,664","0,724",176,0,143,2,51,44,37,25,16,1,0,0,174,19,24,29,24.44,6.56,2,0,0,0,14,18,14,26,1,126,0,78,94,62,114,172,4,0,1,1,21,135,11,23,135,11,38,39,40,38.66,2.46,0,43,19,21,84,59,117,115,0,169,6,0,34,15,60,17,13,1,3,4,0,21,0,0,0,0,0,94,82,0,0,0,0,0,14,159,3,2876.25,3132.5,3427.5,3125.51,467.99,15,136,11,3,173,9.41,1.07,1,170,64,0,0,9,55,2,10,14,5,24,36,28,4,0,2,2,0,0,0,1,0,0,1,0,0,0,0,0,0,0,0,0,0,0,0,0,0,0,8987,NA,66.8947168377043,5.93802189645574,0,0,0,11.3636363636364,11.3636363636364,0,11.3636363636364
2015,"MUNICIPIO","1702554",17627,15950,8005,7945,4921,8451,2578,2392,4232,1321,"0,67","0,699","0,664","0,724",329,0,160,3,84,102,74,48,16,2,0,0,326,19,23,28,24.07,5.96,3,0,0,0,14,22,14,6,0,301,0,94,227,126,203,317,10,0,2,6,33,252,18,41,252,18,38,39,40,38.69,2.55,0,45,28,28,111,56,273,168,0,312,13,0,62,38,62,31,59,6,4,10,0,35,0,0,0,0,0,164,165,0,0,0,0,0,26,288,15,2850,3200,3520,3161.17,566.46,34,230,26,2,294,9.14,0.97,2,324,83,0,0,14,69,1,12,35,3,18,42,41,8,0,4,4,0,1,0,0,0,0,4,0,0,0,0,0,0,0,0,0,0,0,0,0,0,0,17625,4002,77.7410207939509,4.70868553922959,0,0,0,12.1580547112462,12.1580547112462,0,15.1975683890578
2015,"MUNICIPIO","1702703",3682,3446,1774,1672,928,1781,737,464,865,343,"0,677","0,699","0,664","0,724",31,0,27,0,8,10,8,2,2,1,0,0,31,19.5,23,29,24.52,6.59,0,0,0,0,1,4,3,2,0,24,0,9,22,6,25,31,0,0,0,0,2,25,4,2,25,4,38,39,40,38.97,2.01,0,5,4,5,17,31,0,11,0,30,1,0,5,1,10,6,6,0,1,0,0,2,0,0,0,0,0,18,13,0,0,0,0,0,2,28,1,2820,3230,3505,3169.77,467.49,5,22,3,1,30,9.23,1.67,0,30,19,0,0,3,16,1,3,7,2,3,15,4,2,0,0,0,0,1,0,0,0,0,0,0,0,0,0,0,0,0,0,0,0,0,0,0,0,0,2632,NA,35.8381502890173,5.16023900054318,0,0,0,0,0,0,32.258064516129
2015,"MUNICIPIO","1702901",9706,9275,4600,4675,3009,4681,1585,1493,2350,832,"0,627","0,699","0,664","0,724",194,0,121,3,54,47,45,31,12,2,0,0,191,19,24,28.75,24.38,6.36,2,0,0,0,2,11,4,1,0,179,0,98,89,72,122,186,8,0,1,2,20,150,6,23,150,6,38,39,40,38.6,2.27,0,35,28,17,73,194,0,115,0,191,3,0,28,32,40,21,28,0,2,8,0,21,0,0,0,0,0,93,101,0,0,0,0,0,24,159,11,2835,3142.5,3447.5,3089.14,613.58,20,135,14,0,179,9.22,0.68,3,191,57,0,0,7,50,4,11,14,7,14,29,28,4,0,2,2,0,2,0,0,0,0,2,0,0,0,0,0,0,0,0,0,0,0,0,0,0,0,NA,NA,82.5531914893617,5.8726560890171,0,0,0,10.3092783505155,10.3092783505155,0,20.6185567010309
2015,"MUNICIPIO","1703008",10736,10424,5540,4884,2774,5520,2130,1369,2570,945,"0,642","0,699","0,664","0,724",100,0,91,3,25,28,30,11,3,0,0,0,97,19,23,28,23.49,5.76,0,0,0,0,1,6,9,4,0,86,0,78,21,37,63,96,4,0,0,1,6,92,1,7,92,1,38,39,40,38.75,1.71,0,33,10,22,34,98,2,47,0,94,6,0,18,15,21,16,19,1,3,4,0,3,0,0,0,0,0,49,51,0,0,0,0,0,6,88,6,2973.75,3192.5,3510,3226.43,469.27,4,84,8,2,95,9.06,0.84,2,98,47,0,0,7,40,2,3,17,7,11,32,15,4,0,3,2,1,0,0,0,0,0,3,0,0,0,0,0,0,0,0,0,0,0,0,0,0,0,5776,NA,38.9105058365759,4.37779433681073,0,0,0,30,20,10,30
2015,"MUNICIPIO","1703057",3420,3122,1692,1430,974,1658,490,449,760,221,"0,638","0,699","0,664","0,724",45,0,40,0,13,13,6,8,5,0,0,0,45,18,23,30,24.38,7.1,0,0,0,0,0,3,5,0,0,40,0,29,16,20,25,45,0,0,0,0,0,44,0,0,44,0,39,39,40,39.32,0.83,0,13,5,3,22,45,0,26,0,45,0,0,11,8,16,5,4,0,0,0,0,0,0,0,0,0,0,24,21,0,0,0,0,0,1,41,3,3115,3380,3620,3345.44,466.38,2,38,4,1,42,9.12,1.12,2,43,24,0,0,4,20,1,4,9,1,5,14,10,2,0,1,1,0,0,0,0,0,0,1,0,0,0,0,0,0,0,0,0,0,0,0,0,0,0,1824,NA,59.2105263157895,7.01754385964912,0,0,0,22.2222222222222,22.2222222222222,0,22.2222222222222
2015,"MUNICIPIO","1703073",4460,4123,2195,1928,1464,1980,679,671,952,305,"0,603","0,699","0,664","0,724",88,0,79,3,27,22,18,13,4,1,0,0,85,18.75,23,28.25,23.76,6.62,1,0,0,0,2,0,4,3,0,81,0,69,19,34,54,88,0,0,0,1,8,77,0,9,77,0,38,39,40,38.57,1.74,0,28,12,10,36,83,5,55,0,86,1,0,15,14,24,11,11,0,1,0,0,9,0,0,0,0,0,43,45,0,0,0,0,0,3,82,3,2908.75,3142.5,3471.25,3191.88,421.45,4,74,8,4,78,9.04,1.06,2,86,23,0,0,2,21,1,3,10,0,7,15,8,2,0,1,1,0,0,0,0,0,0,1,0,0,0,0,0,0,0,0,0,0,0,0,0,0,0,2341,NA,92.436974789916,5.15695067264574,0,0,0,11.3636363636364,11.3636363636364,0,11.3636363636364
2015,"MUNICIPIO","1703107",5601,5349,2758,2591,1423,2876,1050,717,1357,517,"0,642","0,699","0,664","0,724",66,0,62,1,16,18,17,8,6,0,0,0,65,19.25,24,28,24.52,6.06,0,0,0,0,6,0,12,3,0,51,0,17,49,22,44,64,2,0,0,2,5,56,3,7,56,3,38,39,39,38.38,2.24,0,11,4,3,46,64,2,31,0,62,3,1,10,8,14,6,16,0,2,2,1,7,0,0,0,0,0,37,29,0,0,0,0,0,7,57,2,2978.75,3230,3511,3169.09,513.4,2,57,5,1,65,9.52,0.75,2,64,28,0,0,6,22,0,3,15,1,3,16,12,4,0,0,0,0,0,0,0,0,0,0,0,0,0,0,0,0,0,0,0,0,0,0,0,0,0,5083,NA,48.6366985998526,4.99910730226745,0,0,0,0,0,0,0
2015,"MUNICIPIO","1703206",4532,4456,2325,2131,1271,2453,732,625,1173,333,"0,638","0,699","0,664","0,724",53,0,44,0,21,9,11,6,4,2,0,0,53,18,21,29,23.81,7.33,0,0,0,0,2,3,7,4,0,42,0,30,21,15,38,50,3,0,1,0,0,50,2,1,50,2,38,39,40,38.79,2.3,0,6,3,8,35,53,0,20,0,50,3,0,6,6,10,7,19,0,2,3,0,0,0,0,0,0,0,24,29,0,0,0,0,0,6,47,0,2950,3150,3400,3112.11,543.1,3,45,1,1,51,9.08,1.44,0,52,22,0,0,6,16,0,2,7,2,5,13,9,2,0,0,0,0,1,0,0,0,0,0,0,0,0,0,0,0,0,0,0,0,0,0,0,0,0,2228,NA,45.1832907075874,4.85436893203883,0,0,0,0,0,0,18.8679245283019
2015,"MUNICIPIO","1703305",4477,3768,1989,1779,1212,1978,578,583,922,274,"0,66","0,699","0,664","0,724",73,0,58,2,24,22,15,6,3,1,0,0,71,17,22,26,22.51,6.05,0,0,0,0,0,3,2,2,0,67,0,44,27,31,42,68,5,0,0,0,4,63,5,4,63,5,38,39,40,39.06,1.88,0,23,4,2,41,73,0,20,0,69,2,1,20,7,13,2,18,0,2,5,1,3,0,0,0,0,0,38,35,0,0,0,0,0,6,65,2,2887,3230,3460,3136.82,598.4,6,53,6,1,72,8.71,1.17,0,73,22,0,0,5,17,1,3,6,1,6,9,13,4,0,0,0,0,1,0,0,0,0,0,0,0,0,0,0,0,0,0,0,0,0,0,0,0,0,NA,NA,79.175704989154,4.91400491400491,0,0,0,0,0,0,13.6986301369863
2015,"MUNICIPIO","1703305",4477,3768,1989,1779,1212,1978,578,583,922,274,"0,589","0,699","0,664","0,724",73,0,58,2,24,22,15,6,3,1,0,0,71,17,22,26,22.51,6.05,0,0,0,0,0,3,2,2,0,67,0,44,27,31,42,68,5,0,0,0,4,63,5,4,63,5,38,39,40,39.06,1.88,0,23,4,2,41,73,0,20,0,69,2,1,20,7,13,2,18,0,2,5,1,3,0,0,0,0,0,38,35,0,0,0,0,0,6,65,2,2887,3230,3460,3136.82,598.4,6,53,6,1,72,8.71,1.17,0,73,22,0,0,5,17,1,3,6,1,6,9,13,4,0,0,0,0,1,0,0,0,0,0,0,0,0,0,0,0,0,0,0,0,0,0,0,0,0,NA,NA,79.175704989154,4.91400491400491,0,0,0,0,0,0,13.6986301369863
2015,"MUNICIPIO","1703602",2177,2064,1057,1007,607,1081,376,305,531,171,"0,684","0,699","0,664","0,724",29,0,20,0,8,7,8,4,2,0,0,0,29,19,22,27,23.62,5.8,0,0,0,0,1,1,1,1,1,22,0,14,12,12,17,29,0,0,0,1,2,24,1,3,24,1,37.75,38.5,39.25,38.25,2.03,0,7,2,5,14,29,0,13,0,26,2,0,7,4,3,2,7,1,1,0,0,2,0,0,0,0,0,13,16,0,0,0,0,0,6,22,1,2690,3110,3310,2983.72,608.15,2,25,1,0,25,9.28,0.61,0,29,7,0,0,3,4,0,0,2,0,2,4,3,0,0,0,0,0,0,0,0,0,0,0,0,0,0,0,0,0,0,0,0,0,0,0,0,0,0,1507,NA,54.6139359698682,3.21543408360129,0,0,0,0,0,0,0
2015,"MUNICIPIO","1703701",5451,5185,2599,2586,1475,2686,1024,766,1307,513,"0,686","0,699","0,664","0,724",90,0,71,0,22,27,24,11,5,1,0,0,90,20,23,28,24.43,5.94,1,0,0,0,8,4,3,12,2,70,1,35,55,26,64,85,4,0,0,2,6,74,3,8,74,3,38,39,40,38.79,2.38,0,26,3,4,52,86,4,51,0,84,4,0,12,8,21,11,16,1,2,4,0,7,0,0,0,0,0,42,48,0,0,0,0,0,13,71,6,2841,3250,3596,3195.89,529.79,5,60,11,1,88,9.73,0.64,2,87,34,0,0,6,28,3,1,14,1,9,18,16,5,0,0,0,0,0,1,0,0,0,0,0,1,1,0,0,0,0,1,1,0,1,0,0,0,0,4390,NA,68.8599846977812,6.23738763529628,1111.11111111111,76.5110941086458,76.5110941086458,0,0,0,0
2015,"MUNICIPIO","1703800",10837,9768,4939,4829,2991,5272,1505,1447,2623,759,"0,627","0,699","0,664","0,724",165,0,73,0,38,55,35,24,12,1,0,0,165,20,23,29,24.56,6.18,0,0,0,0,1,8,5,2,0,157,1,49,114,52,113,161,4,0,0,2,22,110,22,24,110,22,38,39,41,39.2,2.55,0,24,7,14,56,162,3,103,0,161,2,0,23,18,50,16,21,0,2,4,0,20,0,0,0,0,0,93,72,0,0,0,0,0,11,144,10,2980,3300,3595,3271.17,462.67,10,111,18,3,142,9,0.97,0,164,59,0,0,9,50,3,6,27,3,11,36,23,5,0,1,1,0,0,1,0,0,0,1,0,1,1,0,0,0,0,1,1,0,0,1,0,0,0,10742,NA,62.9050705299276,5.44431115622405,606.060606060606,38.1242851696531,38.1242851696531,6.06060606060606,6.06060606060606,0,6.06060606060606
2015,"MUNICIPIO","1703826",2256,2148,1137,1011,736,1052,360,342,500,169,"0,757","0,699","0,664","0,724",26,0,22,0,6,6,7,2,5,0,0,0,26,20,25,30.5,25.77,7.45,0,0,0,0,0,2,2,0,0,23,0,12,14,10,16,26,0,0,0,0,3,20,2,3,20,2,38,39,40,38.68,2.63,0,6,3,1,15,26,0,14,0,26,0,0,2,6,6,4,4,0,0,0,0,3,0,0,0,0,0,17,9,0,0,0,0,0,2,19,5,3146.25,3320,3856.25,3449.15,569.96,0,16,8,0,25,9.04,0.68,0,26,10,0,0,1,9,0,1,4,1,3,5,5,1,0,0,0,0,0,0,0,0,0,0,0,0,0,0,0,0,0,0,0,0,0,0,0,0,0,NA,NA,52,4.43262411347518,0,0,0,0,0,0,0
2015,"MUNICIPIO","1703826",2256,2148,1137,1011,736,1052,360,342,500,169,"0,579","0,699","0,664","0,724",26,0,22,0,6,6,7,2,5,0,0,0,26,20,25,30.5,25.77,7.45,0,0,0,0,0,2,2,0,0,23,0,12,14,10,16,26,0,0,0,0,3,20,2,3,20,2,38,39,40,38.68,2.63,0,6,3,1,15,26,0,14,0,26,0,0,2,6,6,4,4,0,0,0,0,3,0,0,0,0,0,17,9,0,0,0,0,0,2,19,5,3146.25,3320,3856.25,3449.15,569.96,0,16,8,0,25,9.04,0.68,0,26,10,0,0,1,9,0,1,4,1,3,5,5,1,0,0,0,0,0,0,0,0,0,0,0,0,0,0,0,0,0,0,0,0,0,0,0,0,0,NA,NA,52,4.43262411347518,0,0,0,0,0,0,0
2015,"MUNICIPIO","1703826",2256,2148,1137,1011,736,1052,360,342,500,169,"0,627","0,699","0,664","0,724",26,0,22,0,6,6,7,2,5,0,0,0,26,20,25,30.5,25.77,7.45,0,0,0,0,0,2,2,0,0,23,0,12,14,10,16,26,0,0,0,0,3,20,2,3,20,2,38,39,40,38.68,2.63,0,6,3,1,15,26,0,14,0,26,0,0,2,6,6,4,4,0,0,0,0,3,0,0,0,0,0,17,9,0,0,0,0,0,2,19,5,3146.25,3320,3856.25,3449.15,569.96,0,16,8,0,25,9.04,0.68,0,26,10,0,0,1,9,0,1,4,1,3,5,5,1,0,0,0,0,0,0,0,0,0,0,0,0,0,0,0,0,0,0,0,0,0,0,0,0,0,NA,NA,52,4.43262411347518,0,0,0,0,0,0,0
2015,"MUNICIPIO","1703842",9408,8139,4264,3875,3178,3963,998,1590,1825,460,"0,544","0,699","0,664","0,724",163,0,133,3,52,47,32,17,4,8,0,0,160,18,22,27,23.36,6.85,3,0,0,0,2,9,16,8,1,138,0,136,27,50,113,160,2,0,0,1,17,140,1,18,140,1,38,39,40,38.73,1.7,0,57,22,30,52,142,21,96,0,159,0,1,24,21,48,30,17,0,0,1,1,15,0,0,0,0,0,83,79,0,0,0,0,0,11,144,8,2942.5,3240,3517.5,3230.21,472.56,11,129,15,2,135,8.99,1.02,1,160,32,0,0,7,25,0,3,10,2,10,14,18,3,0,3,1,2,1,0,2,0,0,1,0,1,0,0,0,1,0,1,1,0,0,0,0,0,0,7387,NA,89.3150684931507,3.40136054421769,613.496932515337,54.7945205479452,54.7945205479452,18.4049079754601,6.13496932515337,12.2699386503067,24.5398773006135
2015,"MUNICIPIO","1703867",4178,3756,2106,1650,915,2167,674,452,904,294,"0,662","0,699","0,664","0,724",49,0,39,0,9,14,17,7,2,0,0,0,49,21,25,28,24.92,4.96,0,0,0,0,1,2,2,2,1,44,0,11,38,14,35,49,0,0,0,1,3,37,5,4,37,5,38,39,40,39.09,2.32,0,12,2,2,28,49,0,22,0,49,0,0,9,3,16,4,10,0,0,0,0,4,0,0,0,0,0,30,19,0,0,0,0,0,2,42,5,3018,3265,3600,3299.33,461.11,2,32,7,0,49,9.94,0.24,0,49,15,0,0,2,13,1,2,2,3,5,9,6,1,0,0,0,0,0,0,0,0,0,0,0,0,0,0,0,0,0,0,0,0,0,0,0,0,0,2294,NA,54.2035398230089,3.59023456199138,0,0,0,0,0,0,0
2015,"MUNICIPIO","1703883",2507,2316,1206,1110,707,1214,395,341,572,197,"0,64","0,699","0,664","0,724",30,0,30,1,4,14,6,4,0,1,0,0,29,21,22.5,27,23.8,5.85,0,0,0,0,2,2,2,2,0,26,0,25,5,13,17,30,0,0,0,0,3,27,0,3,27,0,38,39,39,38.73,1.23,0,7,5,6,12,30,0,11,0,30,0,0,7,6,5,3,6,0,0,0,0,3,0,0,0,0,0,18,12,0,0,0,0,0,3,26,1,3027.5,3250,3638.75,3274.5,499.8,2,25,3,1,29,9.03,0.81,0,30,12,0,0,1,11,0,1,6,1,3,10,2,0,0,0,0,0,0,0,0,0,0,0,0,0,0,0,0,0,0,0,0,0,0,0,0,0,0,1955,NA,52.4475524475524,4.78659752692461,0,0,0,0,0,0,0
2015,"MUNICIPIO","1703891",3983,3688,1919,1769,1339,1793,556,623,864,282,"0,594","0,699","0,664","0,724",47,0,19,1,12,13,9,7,5,0,0,0,46,19,24,29.5,24.72,6.67,0,0,0,0,1,2,0,0,0,46,0,9,36,17,30,47,0,0,0,0,4,35,7,4,35,7,39,39,40,39.37,1.89,0,2,3,5,16,47,0,29,0,45,1,0,8,7,15,3,7,0,1,0,0,4,0,0,0,0,0,21,26,0,0,0,0,0,0,44,3,3000,3300,3625,3323.34,465.93,3,35,5,1,41,8.93,0.97,0,47,20,0,0,2,18,1,2,7,3,5,12,8,1,0,1,1,0,0,1,1,0,0,0,0,1,1,0,0,0,0,1,1,0,0,0,1,0,0,3356,1057,54.3981481481481,5.02134069796636,2127.65957446808,115.740740740741,115.740740740741,21.2765957446809,21.2765957446809,0,21.2765957446809
2015,"MUNICIPIO","1703909",5119,4601,2384,2217,1447,2327,827,733,1118,366,"0,658","0,699","0,664","0,724",71,0,69,0,10,17,23,12,8,0,1,0,71,22,26,30,26.49,6.49,1,0,0,0,3,5,6,1,0,64,0,19,52,23,48,71,0,0,0,0,4,64,3,4,64,3,38,39,40,38.92,1.63,0,21,5,10,35,71,0,36,0,66,5,0,15,7,17,7,16,0,5,0,0,4,0,0,0,0,0,39,32,0,0,0,0,0,1,65,5,2990,3288,3670,3327.7,513.02,3,58,8,0,71,9.62,0.72,1,70,20,0,0,2,18,2,5,5,2,4,11,9,0,0,1,1,0,0,0,1,0,0,0,0,0,0,0,0,0,0,0,0,0,0,0,0,0,0,3000,NA,63.5062611806798,3.90701308849385,0,0,0,14.0845070422535,14.0845070422535,0,14.0845070422535
2015,"MUNICIPIO","1704105",2803,2566,1375,1191,783,1279,504,375,585,231,"0,701","0,699","0,664","0,724",24,0,22,0,9,6,4,4,1,0,0,0,24,18,22,27.5,23.21,6.08,0,0,0,0,0,0,2,0,0,22,0,18,6,8,16,22,2,0,0,0,2,19,3,2,19,3,38.75,39,40.25,39.29,1.9,0,6,4,4,10,24,0,9,0,23,1,0,5,1,7,1,5,0,1,2,0,2,0,0,0,0,0,14,10,0,0,0,0,0,2,20,2,2855.5,3080,3550,3177.33,522.1,3,16,3,0,24,8.67,0.82,0,24,10,0,0,1,9,1,1,5,0,2,4,6,0,0,0,0,0,0,0,0,0,0,0,0,0,0,0,0,0,0,0,0,0,0,0,0,0,0,1624,NA,41.025641025641,3.56760613628255,0,0,0,0,0,0,0
2015,"MUNICIPIO","1704105",2803,2566,1375,1191,783,1279,504,375,585,231,"0,569","0,699","0,664","0,724",24,0,22,0,9,6,4,4,1,0,0,0,24,18,22,27.5,23.21,6.08,0,0,0,0,0,0,2,0,0,22,0,18,6,8,16,22,2,0,0,0,2,19,3,2,19,3,38.75,39,40.25,39.29,1.9,0,6,4,4,10,24,0,9,0,23,1,0,5,1,7,1,5,0,1,2,0,2,0,0,0,0,0,14,10,0,0,0,0,0,2,20,2,2855.5,3080,3550,3177.33,522.1,3,16,3,0,24,8.67,0.82,0,24,10,0,0,1,9,1,1,5,0,2,4,6,0,0,0,0,0,0,0,0,0,0,0,0,0,0,0,0,0,0,0,0,0,0,0,0,0,0,1624,NA,41.025641025641,3.56760613628255,0,0,0,0,0,0,0
2015,"MUNICIPIO","1704600",1397,1335,716,619,335,692,308,168,317,134,"0,619","0,699","0,664","0,724",21,0,20,0,7,5,4,3,2,0,0,0,21,18,23,29,23.9,6.74,0,0,0,0,1,1,3,0,0,18,0,1,20,7,14,21,0,0,0,0,3,16,2,3,16,2,38,40,41,39.1,2.14,0,5,0,2,13,21,0,13,0,21,0,0,3,4,6,1,4,0,0,0,0,3,0,0,0,0,0,11,10,0,0,0,0,0,0,20,1,2915,3180,3570,3212.86,422.26,3,16,2,0,21,9.76,0.44,0,21,12,0,0,1,11,1,1,2,1,6,7,5,0,0,0,0,0,0,0,0,0,0,0,0,0,0,0,0,0,0,0,0,0,0,0,0,0,0,NA,NA,66.2460567823344,8.58983536148891,0,0,0,0,0,0,0
2015,"MUNICIPIO","1705102",3363,3277,1792,1485,991,1619,667,479,730,276,"0,62","0,699","0,664","0,724",44,0,37,0,12,19,6,3,3,1,0,0,44,19,22,26,23.36,5.79,1,0,0,0,0,0,1,7,0,33,1,16,28,21,23,42,2,0,0,3,5,34,2,8,34,2,37.5,39,40,37.98,3.07,0,14,4,2,22,43,1,26,0,40,2,0,11,5,9,7,1,2,0,2,0,5,0,0,0,0,0,26,18,0,0,0,0,0,6,37,1,2814.5,3272.5,3561.25,3096.41,763.49,6,28,6,0,44,9.68,0.64,1,43,16,0,0,3,13,0,4,2,0,7,8,8,0,0,2,1,1,0,0,1,0,0,1,0,0,0,0,0,0,0,0,0,0,0,0,0,0,0,1699,NA,60.2739726027397,4.75765685399941,0,0,0,45.4545454545455,22.7272727272727,22.7272727272727,45.4545454545455
2015,"MUNICIPIO","1705508",33981,30838,15288,15550,8496,17333,5009,4196,8834,2520,"0,701","0,699","0,664","0,724",579,0,425,6,119,201,145,65,37,5,0,1,572,20,23,28,24.41,5.92,2,0,0,0,50,70,84,20,2,421,0,263,298,227,352,560,11,1,0,11,52,499,13,64,499,13,38,39,40,38.52,2.21,0,105,52,76,336,247,332,218,0,563,10,2,126,65,123,55,128,2,4,16,2,51,0,0,0,0,0,301,278,0,0,0,0,0,56,504,19,2885,3165,3450,3125.88,529.32,46,463,41,4,517,9.26,0.72,4,571,158,0,0,20,138,2,29,53,17,37,88,70,13,0,6,5,1,0,0,1,0,0,5,0,0,0,0,0,0,0,0,0,0,0,0,0,0,0,33978,13430,65.5422232284356,4.64965716135487,0,0,0,10.3626943005181,8.63557858376511,1.72711571675302,10.3626943005181
2015,"MUNICIPIO","1705557",4851,4669,2374,2295,1323,2534,812,659,1256,380,"0,697","0,699","0,664","0,724",79,0,62,1,20,19,15,16,6,2,0,0,78,19,24,30,25.18,6.68,0,0,0,0,2,10,17,6,0,50,0,31,45,31,48,77,2,0,3,0,5,66,5,8,66,5,38,39,40,38.51,2.94,0,16,5,12,41,79,0,31,0,76,1,0,13,13,9,13,18,1,0,2,0,8,0,0,0,0,0,41,38,0,0,0,0,0,9,66,4,2867.5,3225,3505,3154.42,640.8,7,61,9,1,77,9.24,0.84,1,77,30,0,0,1,29,1,2,11,3,12,16,14,2,0,1,0,1,1,0,1,0,0,0,0,0,0,0,0,0,0,0,0,0,0,0,0,0,0,4851,NA,62.8980891719745,6.18429189857761,0,0,0,12.6582278481013,0,12.6582278481013,25.3164556962025
2015,"MUNICIPIO","1705607",4209,4182,2132,2050,1421,2002,759,698,975,377,"0,592","0,699","0,664","0,724",48,0,40,0,10,13,11,6,6,1,1,0,48,20,25,31.5,26.31,7.45,0,0,0,0,3,5,5,11,0,31,0,20,28,12,36,48,0,0,1,2,5,36,3,8,36,3,38,39,40,38,3.31,0,16,7,4,19,43,5,28,0,46,2,0,5,4,13,8,8,2,0,0,0,7,0,0,0,0,0,19,29,0,0,0,0,0,12,34,2,2622.75,3113,3527,2992.67,780.55,8,31,8,2,41,9.28,1.75,0,48,18,0,0,3,15,0,4,4,1,6,10,8,2,0,2,2,0,0,0,1,0,0,1,0,0,0,0,0,0,0,0,0,0,0,0,0,0,0,2930,NA,49.2307692307692,4.27655024946543,0,0,0,41.6666666666667,41.6666666666667,0,41.6666666666667
2015,"MUNICIPIO","1706001",5424,5009,2638,2371,1530,2546,933,751,1193,427,"0,605","0,699","0,664","0,724",79,0,66,0,20,20,22,9,7,1,0,0,79,19.5,24,28,24.63,6.42,1,0,0,0,1,5,9,6,0,62,1,30,48,24,55,76,0,0,0,1,11,61,2,12,61,2,38,39,40,38.56,2.72,0,22,12,12,30,79,0,39,0,73,5,0,15,4,24,3,15,1,2,3,0,8,0,0,0,0,0,48,31,0,0,0,0,0,8,67,4,2900,3310,3612.5,3204.92,599.71,3,58,10,0,77,9.42,0.75,0,79,27,0,0,3,24,2,6,6,4,6,17,10,3,0,1,1,0,0,0,0,0,0,0,0,0,0,0,0,0,0,0,0,0,0,0,0,0,0,2020,NA,66.219614417435,4.97787610619469,0,0,0,12.6582278481013,12.6582278481013,0,12.6582278481013
2015,"MUNICIPIO","1706100",7386,7234,3699,3535,1919,3733,1582,937,1827,771,"0,673","0,699","0,664","0,724",70,0,66,1,17,18,15,10,7,2,0,0,69,19.25,24,30,25.56,7.21,0,0,0,0,0,5,5,1,0,62,0,21,49,15,55,69,0,0,0,0,6,59,2,6,59,2,38,39,40,38.67,1.47,0,21,2,5,38,65,5,39,0,64,2,0,9,5,21,9,15,0,2,0,0,5,0,0,0,0,0,32,38,0,0,0,0,0,4,60,6,2850,3292.5,3726,3290.87,522.13,5,50,11,0,68,9.66,0.61,1,69,47,0,0,8,39,0,7,11,11,10,29,18,1,0,0,0,0,0,0,0,0,0,0,0,0,0,0,0,0,0,0,0,0,0,0,0,0,0,6852,NA,38.3141762452107,6.36339019767127,0,0,0,0,0,0,0
2015,"MUNICIPIO","1706258",1680,1564,821,743,458,781,325,221,365,157,"0,644","0,699","0,664","0,724",24,0,23,0,5,6,6,6,1,0,0,0,24,20.75,25,30,24.92,6.01,0,0,0,0,2,1,2,1,0,21,0,4,20,5,19,24,0,0,0,0,2,17,5,2,17,5,38,39,40.25,39.21,2.04,0,8,4,6,6,24,0,14,0,23,1,0,4,1,7,5,4,0,1,0,0,2,0,0,0,0,0,9,15,0,0,0,0,0,1,22,1,2978.75,3255,3504.5,3277.29,441.13,1,19,3,0,24,9.79,0.51,0,24,9,0,0,2,7,0,3,2,0,2,6,3,1,0,0,0,0,0,0,0,0,0,0,0,0,0,0,0,0,0,0,0,0,0,0,0,0,0,929,NA,65.7534246575342,5.35714285714286,0,0,0,0,0,0,0
2015,"MUNICIPIO","1706506",5833,5273,2775,2498,1669,2670,934,804,1265,429,"0,581","0,699","0,664","0,724",109,0,102,2,31,31,33,10,2,0,0,0,107,19,23,27,23.3,5.15,0,0,0,0,0,3,13,4,0,92,0,77,32,34,75,107,2,0,0,0,4,103,1,4,103,1,38,39,40,38.89,1.38,0,27,7,20,53,108,1,54,0,104,5,0,13,19,30,14,23,1,2,2,0,4,0,0,0,0,0,56,53,0,0,0,0,0,5,100,4,2915,3160,3435,3195.9,496.54,8,88,10,0,108,9.19,0.73,1,107,25,0,0,4,21,1,0,6,2,12,19,6,1,0,0,0,0,1,0,0,0,0,0,0,0,0,0,0,0,0,0,0,0,0,0,0,0,0,NA,NA,86.1660079051383,4.28595919766844,0,0,0,0,0,0,9.1743119266055
2015,"MUNICIPIO","1707009",21167,19112,9679,9433,6012,10176,2924,2936,5034,1463,"0,701","0,699","0,664","0,724",331,0,304,3,91,83,73,59,16,6,0,0,328,19,23,29,24.35,6.4,0,0,0,0,13,31,22,29,1,278,0,93,238,116,215,331,0,0,0,3,35,280,5,38,280,5,38,39,40,38.59,2,0,82,32,29,169,102,229,166,0,322,7,1,60,37,87,38,57,2,5,0,1,35,0,0,0,0,0,165,166,0,0,0,0,0,27,291,13,2895,3205,3562.5,3180.36,519.04,23,273,25,2,325,9.65,0.78,6,324,106,0,0,20,86,5,13,36,7,25,66,40,6,0,0,0,0,3,0,0,0,0,0,0,1,0,0,0,0,1,0,0,0,0,0,0,0,0,20004,NA,65.7528804131903,5.00779515283224,302.114803625378,19.8649185538339,0,0,0,0,9.06344410876133
2015,"MUNICIPIO","1707108",6777,6363,3280,3083,1756,3214,1393,888,1571,624,"0,683","0,699","0,664","0,724",97,0,93,1,28,26,19,17,5,1,0,0,96,19,22,29,24.09,6.37,0,0,0,0,5,9,9,3,0,84,0,23,74,36,61,96,1,0,1,0,10,84,2,11,84,2,38,39,40,38.65,2.18,0,17,8,3,69,96,1,51,0,94,3,0,22,11,20,10,20,1,2,1,0,10,0,0,0,0,0,50,47,0,0,0,0,0,5,84,8,2986,3315,3620,3294.53,597.3,6,73,16,1,95,9.58,0.72,0,97,30,0,0,3,27,1,10,8,2,6,19,11,2,0,1,1,0,0,0,0,0,0,1,0,0,0,0,0,0,0,0,0,0,0,0,0,0,0,4723,NA,61.7441120305538,4.42673749446658,0,0,0,10.3092783505155,10.3092783505155,0,10.3092783505155
2015,"MUNICIPIO","1707207",7302,7161,3958,3203,1915,3622,1624,881,1651,671,"0,583","0,699","0,664","0,724",54,0,52,0,12,12,12,10,7,1,0,0,54,20,26.5,31.75,25.96,6.9,0,0,0,0,2,2,6,1,0,47,0,11,43,17,37,54,0,1,1,0,5,45,2,7,45,2,38,39,40,38.26,3.72,0,15,2,4,31,52,2,30,0,52,2,0,7,8,10,10,12,1,1,0,0,5,0,0,0,0,0,34,20,0,0,0,0,0,4,48,2,3131.25,3360,3643.75,3316.46,550.76,2,46,5,2,51,9.43,1.53,1,53,30,0,0,5,25,3,5,11,2,4,19,11,0,0,1,1,0,2,0,0,0,0,1,0,0,0,0,0,0,0,0,0,0,0,0,0,0,0,2832,NA,32.7074500302847,4.10846343467543,0,0,0,18.5185185185185,18.5185185185185,0,55.5555555555556
2015,"MUNICIPIO","1707306",4722,4592,2440,2152,1237,2374,981,602,1120,430,"0,679","0,699","0,664","0,724",65,0,53,1,18,19,14,9,3,1,0,0,64,19,23,27,23.58,6.31,0,0,0,0,2,1,6,3,2,53,0,21,44,20,45,64,0,0,0,0,6,46,11,6,46,11,38,40,41,39.48,2.45,0,20,4,2,38,65,0,31,0,63,0,0,12,4,17,3,18,0,0,1,0,6,0,0,0,0,0,32,33,0,0,0,0,0,2,58,5,3028,3320,3710,3356.43,449.03,4,43,9,1,64,9.69,1.27,0,64,26,0,0,7,19,0,4,8,1,6,20,6,3,0,0,0,0,0,0,0,0,0,0,0,0,0,0,0,0,0,0,0,0,0,0,0,0,0,3140,NA,58.0357142857143,5.50614146548073,0,0,0,0,0,0,0
2015,"MUNICIPIO","1707405",10506,9476,4910,4566,3370,4706,1400,1612,2311,643,"0,605","0,699","0,664","0,724",166,0,85,4,40,58,31,19,9,4,1,0,162,19,23,27,23.8,6.58,3,0,0,0,3,6,3,6,1,149,0,71,89,56,110,164,2,0,2,2,18,124,13,22,124,13,38,39,40,38.56,2.89,0,23,14,19,44,148,18,93,0,157,6,2,21,18,44,25,22,3,1,2,2,20,0,0,0,0,0,84,82,0,0,0,0,0,12,143,11,2900,3250,3555,3213.51,622.13,11,119,22,4,148,8.93,1.03,0,163,53,0,0,12,41,3,3,13,1,21,31,22,4,0,3,3,0,1,0,2,0,0,1,0,0,0,0,0,0,0,0,0,0,0,0,0,0,0,5042,4968,71.8303764604068,5.0447363411384,0,0,0,18.0722891566265,18.0722891566265,0,24.0963855421687
2015,"MUNICIPIO","1707405",10506,9476,4910,4566,3370,4706,1400,1612,2311,643,"0,57","0,699","0,664","0,724",166,0,85,4,40,58,31,19,9,4,1,0,162,19,23,27,23.8,6.58,3,0,0,0,3,6,3,6,1,149,0,71,89,56,110,164,2,0,2,2,18,124,13,22,124,13,38,39,40,38.56,2.89,0,23,14,19,44,148,18,93,0,157,6,2,21,18,44,25,22,3,1,2,2,20,0,0,0,0,0,84,82,0,0,0,0,0,12,143,11,2900,3250,3555,3213.51,622.13,11,119,22,4,148,8.93,1.03,0,163,53,0,0,12,41,3,3,13,1,21,31,22,4,0,3,3,0,1,0,2,0,0,1,0,0,0,0,0,0,0,0,0,0,0,0,0,0,0,5042,4968,71.8303764604068,5.0447363411384,0,0,0,18.0722891566265,18.0722891566265,0,24.0963855421687
2015,"MUNICIPIO","1707553",3886,3805,1909,1896,1097,1940,768,576,937,383,"0,559","0,699","0,664","0,724",39,0,31,0,10,7,11,8,3,0,0,0,39,19.5,26,30.5,25.21,6.37,0,0,0,0,3,2,2,4,0,33,0,10,29,14,25,39,0,0,0,0,3,33,2,3,33,2,38,40,41,39.26,1.93,0,9,5,1,19,39,0,21,0,35,4,0,7,4,4,10,7,3,1,0,0,2,0,0,0,0,0,19,20,0,0,0,0,0,0,35,4,2914,3396,3692.5,3383.74,531.2,4,27,7,0,39,9.9,0.38,1,35,22,0,0,7,15,1,5,3,1,5,13,9,0,0,0,0,0,0,0,0,0,0,0,0,0,0,0,0,0,0,0,0,0,0,0,0,0,0,2373,NA,41.6221985058698,5.66134843026248,0,0,0,0,0,0,0
2015,"MUNICIPIO","1707553",3886,3805,1909,1896,1097,1940,768,576,937,383,"0,697","0,699","0,664","0,724",39,0,31,0,10,7,11,8,3,0,0,0,39,19.5,26,30.5,25.21,6.37,0,0,0,0,3,2,2,4,0,33,0,10,29,14,25,39,0,0,0,0,3,33,2,3,33,2,38,40,41,39.26,1.93,0,9,5,1,19,39,0,21,0,35,4,0,7,4,4,10,7,3,1,0,0,2,0,0,0,0,0,19,20,0,0,0,0,0,0,35,4,2914,3396,3692.5,3383.74,531.2,4,27,7,0,39,9.9,0.38,1,35,22,0,0,7,15,1,5,3,1,5,13,9,0,0,0,0,0,0,0,0,0,0,0,0,0,0,0,0,0,0,0,0,0,0,0,0,0,0,2373,NA,41.6221985058698,5.66134843026248,0,0,0,0,0,0,0
2015,"MUNICIPIO","1707652",5386,5340,2705,2635,1345,2764,1231,657,1392,586,"0,689","0,699","0,664","0,724",74,0,62,2,19,20,16,6,10,1,0,0,72,19,23.5,29,24.95,7.17,0,0,0,0,4,6,14,2,3,55,0,24,50,27,47,69,4,0,0,2,7,59,4,9,59,4,38,39,40,38.62,2.38,0,23,3,6,39,72,2,39,0,73,0,0,19,4,16,6,14,0,0,5,0,7,0,0,0,0,0,38,36,0,0,0,0,0,7,63,4,2927.5,3290,3572.5,3205.95,628.97,3,54,9,2,71,9.59,1.54,0,74,45,0,0,9,36,0,5,9,4,18,27,18,2,0,2,2,0,0,0,0,0,0,1,0,0,0,0,0,0,0,0,0,0,0,0,0,0,0,4574,NA,53.1609195402299,8.35499443000371,0,0,0,27.027027027027,27.027027027027,0,27.027027027027
2015,"MUNICIPIO","1707702",8848,8505,4470,4035,2641,4230,1634,1298,1991,746,"0,565","0,699","0,664","0,724",109,0,98,1,29,31,22,16,7,3,0,0,108,19,23,29,24.52,6.84,1,0,0,0,3,2,7,5,0,94,0,90,19,35,74,106,3,0,1,0,5,102,0,6,102,0,38,39,40,38.78,1.74,0,32,16,20,37,105,4,62,0,104,2,0,18,15,31,15,17,1,0,3,0,5,0,0,0,0,0,57,52,0,0,0,0,0,6,97,6,2895,3215,3600,3248.66,553.59,6,86,10,1,105,9.08,0.65,3,106,43,0,0,8,35,2,3,18,4,8,23,20,1,0,1,0,1,2,0,0,0,0,1,0,0,0,0,0,0,0,0,0,0,0,0,0,0,0,6685,NA,54.7463586137619,4.85985533453888,0,0,0,9.1743119266055,0,9.1743119266055,27.5229357798165
2015,"MUNICIPIO","1707702",8848,8505,4470,4035,2641,4230,1634,1298,1991,746,"0,621","0,699","0,664","0,724",109,0,98,1,29,31,22,16,7,3,0,0,108,19,23,29,24.52,6.84,1,0,0,0,3,2,7,5,0,94,0,90,19,35,74,106,3,0,1,0,5,102,0,6,102,0,38,39,40,38.78,1.74,0,32,16,20,37,105,4,62,0,104,2,0,18,15,31,15,17,1,0,3,0,5,0,0,0,0,0,57,52,0,0,0,0,0,6,97,6,2895,3215,3600,3248.66,553.59,6,86,10,1,105,9.08,0.65,3,106,43,0,0,8,35,2,3,18,4,8,23,20,1,0,1,0,1,2,0,0,0,0,1,0,0,0,0,0,0,0,0,0,0,0,0,0,0,0,6685,NA,54.7463586137619,4.85985533453888,0,0,0,9.1743119266055,0,9.1743119266055,27.5229357798165
2015,"MUNICIPIO","1708205",18742,18427,9607,8820,5334,9840,3253,2618,4744,1458,"0,67","0,699","0,664","0,724",263,0,200,2,63,71,65,34,25,1,2,0,261,20,24,29,24.81,6.56,3,0,0,0,9,20,25,8,2,193,28,64,195,86,177,255,8,1,2,0,36,185,15,39,185,15,37,39,40,38.53,2.76,0,73,22,23,120,258,5,133,0,254,5,0,51,9,62,19,51,2,3,8,0,32,0,0,0,0,0,114,149,0,0,0,0,0,25,218,20,2910.5,3256,3542.5,3206.51,584.33,12,175,34,7,253,9.67,1.13,0,260,97,0,0,20,77,1,9,26,8,33,61,35,4,0,4,4,0,2,0,1,0,0,2,1,0,0,0,0,0,0,0,0,0,0,0,0,0,0,13653,NA,55.4384485666105,5.17554156440081,0,0,0,15.2091254752852,15.2091254752852,0,22.8136882129278
2015,"MUNICIPIO","1708254",2556,2419,1234,1185,689,1324,406,349,639,197,"0,659","0,699","0,664","0,724",62,0,60,2,20,25,8,4,3,0,0,0,60,18,21,24,21.9,5.65,0,0,0,0,5,7,6,3,0,51,1,31,30,28,34,62,0,0,0,0,4,56,1,4,56,1,38,39,40,39.07,1.48,0,26,9,9,16,62,0,23,0,59,3,0,17,7,9,5,16,1,2,0,0,4,0,0,0,0,0,29,33,0,0,0,0,0,9,51,2,2978.5,3325,3547.5,3192.08,601.94,9,46,6,0,61,9.43,0.56,0,62,13,0,0,3,10,2,2,3,0,3,11,2,1,0,0,0,0,0,0,0,0,0,0,0,0,0,0,0,0,0,0,0,0,0,0,0,0,0,2068,NA,97.0266040688576,5.08607198748044,0,0,0,0,0,0,0
2015,"MUNICIPIO","1708304",5135,4956,2649,2307,1456,2549,951,699,1189,419,"0,621","0,699","0,664","0,724",75,0,72,0,28,21,18,7,1,0,0,0,75,18,21,26.5,22.32,5.32,1,0,0,0,0,7,5,2,0,67,0,17,58,28,47,73,2,0,0,0,12,60,3,12,60,3,38,39,40,38.48,1.82,0,15,13,10,37,74,1,27,0,72,3,0,15,9,12,8,16,0,3,2,0,10,0,0,0,0,0,41,34,0,0,0,0,0,0,72,3,3044,3338,3632,3351.67,400.91,2,64,7,0,75,9.41,0.68,0,75,20,0,0,2,18,0,3,7,1,7,16,4,0,0,0,0,0,0,0,0,0,0,0,0,0,0,0,0,0,0,0,0,0,0,0,0,0,0,2599,NA,63.0782169890664,3.89483933787731,0,0,0,0,0,0,0
2015,"MUNICIPIO","1709005",12813,12064,6287,5777,4311,5687,2066,2135,2637,1005,"0,576","0,699","0,664","0,724",258,0,217,20,70,66,57,23,16,6,0,0,238,18,22,27.75,23.27,7.02,9,0,0,0,2,11,9,13,0,132,97,172,79,83,175,254,4,0,0,1,37,210,8,38,210,8,38,39,40,38.49,2.11,0,90,40,48,76,180,78,197,0,254,3,0,54,19,90,24,27,0,3,4,0,35,0,0,0,0,0,128,130,0,0,0,0,0,14,226,18,2960,3250,3596.25,3244.07,482.94,14,193,39,3,242,9.27,0.8,4,248,63,0,0,9,54,6,3,23,8,14,35,28,2,0,3,1,2,2,0,1,0,0,0,2,0,0,0,0,0,0,0,0,0,0,0,0,0,0,8418,NA,97.8384527872582,4.91688129243737,0,0,0,11.6279069767442,3.87596899224806,7.75193798449612,19.3798449612403
2015,"MUNICIPIO","1709302",25149,23200,11687,11513,6082,13115,4003,2888,6636,1989,"0,741","0,699","0,664","0,724",401,0,383,5,110,101,104,50,26,5,0,0,396,19,24,28,24.29,6.33,2,0,0,0,30,57,42,6,0,352,0,129,272,180,221,394,7,0,0,7,47,325,21,54,325,21,38,39,40,38.52,2.21,0,102,44,48,203,87,314,124,0,386,14,0,86,61,67,31,89,7,5,7,0,46,0,0,0,0,0,217,184,0,0,0,0,0,24,354,23,3002,3300,3568,3260.5,520.2,17,313,55,1,399,9.39,0.72,6,395,120,0,0,31,89,3,19,37,8,22,73,47,8,0,0,0,0,2,0,0,0,0,0,0,0,0,0,0,0,0,0,0,0,0,0,0,0,0,25146,13824,60.4279686558168,4.77156149349875,0,0,0,0,0,0,4.98753117206983
2015,"MUNICIPIO","1709500",83707,76755,38107,38648,19028,45262,12465,9419,22898,6331,"0,759","0,699","0,664","0,724",1396,0,1188,10,267,367,364,259,109,20,0,0,1386,21,25,30,25.6,6.3,4,0,0,0,110,264,289,47,17,998,2,330,1037,578,818,1373,18,1,3,22,174,1062,88,200,1062,88,38,39,40,38.41,2.47,0,328,98,125,796,90,1306,452,0,1342,37,0,329,139,244,75,324,18,16,21,0,176,0,0,0,0,0,687,709,0,0,0,0,0,107,1212,76,2950,3230,3550,3204.01,554.24,79,1040,171,16,1374,9.75,0.89,10,1383,430,0,0,99,331,19,59,107,40,106,269,161,25,0,9,7,2,5,1,2,1,0,4,0,2,1,0,0,1,0,2,2,0,0,0,1,0,0,83699,20375,60.9660232334702,5.13696584515035,143.266475644699,8.73438728273212,8.73438728273212,6.44699140401146,5.01432664756447,1.43266475644699,10.0286532951289
2015,"MUNICIPIO","1709807",1881,1639,864,775,512,820,307,253,377,145,"0,62","0,699","0,664","0,724",28,0,21,0,4,6,7,8,2,1,0,0,28,24,27,30.5,27.25,6.07,0,0,0,0,2,9,2,3,0,23,0,10,18,6,22,26,2,0,0,0,2,23,3,2,23,3,37.75,39,40,39.07,1.92,0,5,1,2,20,28,0,10,0,28,0,0,5,1,8,2,8,0,0,2,0,2,0,0,0,0,0,19,9,0,0,0,0,0,2,25,1,2856,3196,3551,3187.82,457.31,3,18,2,0,28,9.82,0.48,1,24,11,0,0,2,9,1,4,2,2,0,8,3,0,0,0,0,0,0,0,0,0,0,0,0,0,0,0,0,0,0,0,0,0,0,0,0,0,0,1077,NA,74.2705570291777,5.84795321637427,0,0,0,0,0,0,0
2015,"MUNICIPIO","1709807",1881,1639,864,775,512,820,307,253,377,145,"0,573","0,699","0,664","0,724",28,0,21,0,4,6,7,8,2,1,0,0,28,24,27,30.5,27.25,6.07,0,0,0,0,2,9,2,3,0,23,0,10,18,6,22,26,2,0,0,0,2,23,3,2,23,3,37.75,39,40,39.07,1.92,0,5,1,2,20,28,0,10,0,28,0,0,5,1,8,2,8,0,0,2,0,2,0,0,0,0,0,19,9,0,0,0,0,0,2,25,1,2856,3196,3551,3187.82,457.31,3,18,2,0,28,9.82,0.48,1,24,11,0,0,2,9,1,4,2,2,0,8,3,0,0,0,0,0,0,0,0,0,0,0,0,0,0,0,0,0,0,0,0,0,0,0,0,0,0,1077,NA,74.2705570291777,5.84795321637427,0,0,0,0,0,0,0
2015,"MUNICIPIO","1710508",7411,7104,3731,3373,2290,3463,1351,1082,1629,662,"0,612","0,699","0,664","0,724",155,0,130,13,34,43,25,23,16,1,0,0,142,18,22,30,23.88,7.2,4,0,0,0,8,12,6,0,2,93,48,100,54,50,105,153,2,0,2,3,23,118,7,28,118,7,38,39,40,38.32,2.81,0,47,25,25,55,113,42,86,0,148,5,0,29,11,56,8,16,1,4,2,0,24,0,0,0,0,0,74,81,0,0,0,0,0,10,134,10,2961.25,3243,3600,3251.77,638.96,7,115,24,2,152,8.97,0.99,5,148,39,0,0,11,28,0,4,8,8,8,26,13,2,0,1,1,0,0,0,0,0,0,1,0,0,0,0,0,0,0,0,0,0,0,0,0,0,0,4273,1066,95.1503990178023,5.26244771285926,0,0,0,6.45161290322581,6.45161290322581,0,6.45161290322581
2015,"MUNICIPIO","1710706",6035,6029,3104,2925,1958,2948,1123,949,1423,553,"0,616","0,699","0,664","0,724",69,0,46,1,21,16,17,10,2,2,0,0,68,19,24,28,23.88,6.46,1,0,0,0,0,3,1,2,0,64,0,36,33,23,46,68,0,0,0,0,8,48,10,8,48,10,38,39,40,39.2,2.23,0,12,7,5,32,69,0,43,0,64,4,0,10,7,19,7,10,3,1,0,0,8,0,0,0,0,0,30,39,0,0,0,0,0,4,63,2,2890,3145,3360,3111.74,584.93,6,52,2,0,65,9.2,0.67,0,69,29,0,0,2,27,0,6,7,5,9,10,19,1,0,0,0,0,2,0,0,0,0,0,0,0,0,0,0,0,0,0,0,0,0,0,0,0,0,NA,NA,48.4891075193254,4.8053024026512,0,0,0,0,0,0,28.9855072463768
2015,"MUNICIPIO","1710904",3732,3532,1913,1619,1013,1773,746,490,803,326,"0,601","0,699","0,664","0,724",44,0,41,0,9,15,5,13,0,2,0,0,44,20.75,24,31,25.61,6.63,1,0,0,0,0,3,7,0,0,37,0,17,26,14,30,44,0,0,0,2,8,31,2,10,31,2,37.5,39,40,38.16,2.81,0,15,3,7,19,44,0,20,0,43,1,0,7,4,11,2,9,0,1,0,0,9,0,0,0,0,0,19,25,0,0,0,0,0,4,35,5,3071.25,3390,3753.5,3381.09,737.92,3,29,10,0,44,9.18,0.66,0,44,21,0,0,0,21,1,3,12,1,4,9,12,1,0,0,0,0,0,0,0,0,0,0,0,0,0,0,0,0,0,0,0,0,0,0,0,0,0,2011,NA,54.7945205479452,5.62700964630225,0,0,0,0,0,0,0
2015,"MUNICIPIO","1711100",2476,2445,1285,1160,682,1309,454,326,618,216,"0,65","0,699","0,664","0,724",36,0,34,1,7,17,6,3,2,0,0,0,35,20,23,27.25,23.5,5.46,0,0,0,0,1,1,2,0,0,33,0,12,24,12,24,36,0,0,0,0,0,34,2,0,34,2,38,39,39,39.14,1.15,0,5,2,6,23,36,0,5,0,34,1,0,9,2,8,5,10,0,1,0,0,0,0,0,0,0,0,23,13,0,0,0,0,0,0,33,3,3010,3285,3530.75,3314.64,432.06,1,31,3,0,36,9.25,0.65,0,36,13,0,0,2,11,0,3,2,3,3,9,4,0,0,0,0,0,0,0,0,0,0,0,0,0,0,0,0,0,0,0,0,0,0,0,0,0,0,1587,NA,58.252427184466,5.25040387722133,0,0,0,0,0,0,0
2015,"MUNICIPIO","1711506",3761,3507,1815,1692,952,1720,835,498,838,356,"0,662","0,699","0,664","0,724",49,0,45,2,11,17,8,9,2,0,0,0,47,19,23,26,23.57,5.97,1,0,0,0,2,0,7,2,0,39,0,14,35,24,25,49,0,0,0,2,5,35,4,7,35,4,37.25,39,40,38.28,2.74,0,11,3,3,31,49,0,23,0,49,0,0,17,2,8,3,9,0,0,0,0,7,0,0,0,0,0,26,23,0,0,0,0,0,5,40,4,2850,3250,3520,3191.24,589.62,4,35,7,1,48,9.67,0.83,1,48,13,0,0,1,12,0,4,5,0,3,10,3,0,0,1,1,0,0,0,1,0,0,0,0,0,0,0,0,0,0,0,0,0,0,0,0,0,0,1393,NA,58.472553699284,3.45652751927679,0,0,0,20.4081632653061,20.4081632653061,0,20.4081632653061
2015,"MUNICIPIO","1711803",2245,2231,1176,1055,658,1190,383,330,573,152,"0,584","0,699","0,664","0,724",26,0,22,1,8,10,1,5,0,1,0,0,25,19,21,24.75,23.31,6.67,0,0,0,0,1,0,1,2,0,22,0,17,9,12,14,26,0,0,0,0,3,23,0,3,23,0,38,39,40,38.81,1.58,0,4,3,4,14,26,0,8,0,24,2,0,6,2,5,2,6,1,1,0,0,3,0,0,0,0,0,14,12,0,0,0,0,0,2,21,3,2982.5,3410,3585,3316.12,528.39,3,17,6,0,24,9.42,0.58,0,26,9,0,0,2,7,0,1,2,2,2,5,4,1,0,0,0,0,0,0,0,0,0,0,0,0,0,0,0,0,0,0,0,0,0,0,0,0,0,1043,NA,45.3752181500873,4.00890868596882,0,0,0,0,0,0,0
2015,"MUNICIPIO","1711902",12184,10210,5525,4685,3284,5581,1345,1560,2559,566,"0,627","0,699","0,664","0,724",238,0,194,4,62,74,47,40,11,0,0,0,234,19,23,29,23.76,6.08,4,0,0,0,2,15,17,12,2,136,63,60,170,72,166,234,3,0,0,1,32,192,11,33,192,11,38,39,40,38.56,2.29,0,67,26,22,106,232,6,142,0,224,4,1,42,13,70,17,45,1,3,3,1,32,0,0,0,0,0,132,106,0,0,0,0,0,13,208,17,2935,3272,3586,3264.72,551.02,15,178,33,1,234,9.71,0.59,1,233,52,0,0,17,35,2,4,12,2,15,33,19,6,0,0,0,0,3,1,0,0,0,0,0,2,1,0,0,1,0,2,2,0,1,0,1,0,0,8885,NA,93.0050801094177,4.26789231779383,840.336134453781,78.1555295037124,78.1555295037124,0,0,0,12.6050420168067
2015,"MUNICIPIO","1711951",4037,3525,1830,1695,1337,1608,580,664,759,272,"0,579","0,699","0,664","0,724",59,0,55,0,14,15,13,11,5,1,0,0,59,20,25,31,25.25,6.51,0,0,0,0,2,3,1,1,1,56,0,19,40,14,45,59,0,0,0,0,6,51,1,6,51,1,38,39,40,38.72,1.61,0,15,8,7,25,55,4,38,0,56,1,1,9,2,22,5,12,0,1,0,1,5,0,0,0,0,0,29,30,0,0,0,0,0,5,52,2,2935,3200,3430,3183.86,472.14,2,54,2,1,54,9.53,0.74,0,59,14,0,0,6,8,0,2,3,1,2,10,4,0,0,0,0,0,0,0,0,0,0,0,0,0,0,0,0,0,0,0,0,0,0,0,0,0,0,2849,NA,77.733860342556,3.46792172405251,0,0,0,0,0,0,0
2015,"MUNICIPIO","1712009",3026,2773,1464,1309,842,1456,475,401,699,209,"0,778","0,699","0,664","0,724",52,0,50,1,7,14,14,12,3,1,0,0,51,20.75,26,31,25.81,6.32,0,0,0,0,2,3,6,3,1,41,1,10,42,11,41,52,0,0,0,0,3,48,1,3,48,1,38,39,40,38.88,1.48,0,16,4,5,25,52,0,30,0,51,1,0,7,1,18,9,13,1,0,0,0,3,0,0,0,0,0,26,26,0,0,0,0,0,3,48,1,2988.75,3265,3591.25,3239.17,501.9,4,44,4,1,50,9.57,0.98,0,52,23,0,0,5,18,0,1,9,1,7,15,8,2,0,1,1,0,0,0,0,0,0,0,0,0,0,0,0,0,0,0,0,0,0,0,0,0,0,2336,NA,74.3919885550787,7.60079312623926,0,0,0,19.2307692307692,19.2307692307692,0,19.2307692307692
2015,"MUNICIPIO","1712009",3026,2773,1464,1309,842,1456,475,401,699,209,"0,675","0,699","0,664","0,724",52,0,50,1,7,14,14,12,3,1,0,0,51,20.75,26,31,25.81,6.32,0,0,0,0,2,3,6,3,1,41,1,10,42,11,41,52,0,0,0,0,3,48,1,3,48,1,38,39,40,38.88,1.48,0,16,4,5,25,52,0,30,0,51,1,0,7,1,18,9,13,1,0,0,0,3,0,0,0,0,0,26,26,0,0,0,0,0,3,48,1,2988.75,3265,3591.25,3239.17,501.9,4,44,4,1,50,9.57,0.98,0,52,23,0,0,5,18,0,1,9,1,7,15,8,2,0,1,1,0,0,0,0,0,0,0,0,0,0,0,0,0,0,0,0,0,0,0,0,0,0,2336,NA,74.3919885550787,7.60079312623926,0,0,0,19.2307692307692,19.2307692307692,0,19.2307692307692
2015,"MUNICIPIO","1712157",1814,1605,838,767,480,820,305,238,400,129,"0,66","0,699","0,664","0,724",28,0,20,2,10,7,4,4,1,0,0,0,26,18,21,27,22.61,6.28,1,0,0,0,0,2,1,2,0,22,0,12,15,12,16,28,0,0,0,0,1,26,1,1,26,1,38,39,40.25,39.39,1.64,0,9,3,3,11,28,0,15,0,25,2,0,6,5,6,2,6,0,2,0,0,0,0,0,0,0,0,16,12,0,0,0,0,0,2,24,2,2988,3200,3507.75,3230.79,472.73,2,23,2,1,27,9.54,0.96,0,27,7,0,0,0,7,0,1,4,0,2,4,3,0,0,1,1,0,0,0,0,0,0,0,0,0,0,0,0,0,0,0,0,0,0,0,0,0,0,1271,NA,70,3.85887541345094,0,0,0,35.7142857142857,35.7142857142857,0,35.7142857142857
2015,"MUNICIPIO","1712405",3796,3725,2007,1718,1283,1702,740,616,751,351,"0,57","0,699","0,664","0,724",40,0,36,0,7,12,9,7,5,0,0,0,40,20,25.5,30,25.6,6.54,0,0,0,0,1,2,1,5,0,34,0,11,29,6,34,40,0,0,1,0,6,32,0,7,32,0,38,39,40,38.49,2.88,0,20,5,4,9,37,3,20,0,39,1,0,4,2,16,6,4,0,1,0,0,6,0,0,0,0,0,26,14,0,0,0,0,0,2,36,2,2998.75,3377.5,3650,3303.72,537.48,2,33,4,0,39,9.49,0.82,1,38,11,0,0,0,11,2,1,3,0,5,5,6,0,0,0,0,0,1,0,0,0,0,0,0,0,0,0,0,0,0,0,0,0,0,0,0,0,0,2636,NA,53.2623169107856,2.89778714436249,0,0,0,0,0,0,25
2015,"MUNICIPIO","1712454",2945,2622,1350,1272,835,1303,484,412,629,231,"0,639","0,699","0,664","0,724",29,0,18,0,6,11,7,5,0,0,0,0,29,21,23,27,24.1,5.09,1,0,0,0,0,0,2,2,0,25,0,11,18,4,25,27,2,0,0,0,0,29,0,0,29,0,38,39,40,39,1.07,0,6,0,2,13,29,0,19,0,29,0,0,4,0,11,8,4,0,0,2,0,0,0,0,0,0,0,17,12,0,0,0,0,0,4,25,0,2795,3275,3670,3178.48,513.66,5,20,2,0,28,9.14,0.45,0,29,14,0,0,1,13,0,3,5,0,5,5,9,1,0,0,0,0,0,0,0,0,0,0,0,0,0,0,0,0,0,0,0,0,0,0,0,0,0,1850,NA,46.1049284578696,4.75382003395586,0,0,0,0,0,0,0
2015,"MUNICIPIO","1712504",4896,4352,2318,2034,1313,2263,776,642,1085,307,"0,631","0,699","0,664","0,724",69,0,65,0,17,18,19,8,3,4,0,0,69,20,24,29,25.03,7.02,0,0,0,0,0,7,5,5,0,59,0,11,58,24,45,69,0,0,0,1,9,57,2,10,57,2,38,39,40,38.61,2.19,0,10,4,4,50,69,0,37,0,66,2,0,15,3,14,5,19,2,0,0,0,10,0,0,0,0,0,33,36,0,0,0,0,0,2,61,6,2854,3260,3715,3301.58,491.85,6,50,12,1,68,9.59,1.17,1,67,23,0,0,3,20,0,6,7,0,7,17,6,1,0,0,0,0,4,0,0,0,0,0,0,0,0,0,0,0,0,0,0,0,0,0,0,0,0,2636,NA,63.5944700460829,4.69771241830065,0,0,0,0,0,0,57.9710144927536
2015,"MUNICIPIO","1712702",2524,2223,1187,1036,816,1134,273,393,520,123,"0,607","0,699","0,664","0,724",35,0,28,0,8,12,5,5,3,2,0,0,35,20,24,30.5,25.71,7.43,1,0,0,0,2,2,1,5,0,28,0,10,24,8,27,34,0,0,0,0,3,31,1,3,31,1,38,39,40,38.77,1.46,0,16,3,5,9,28,7,19,0,32,3,0,2,4,11,4,8,1,2,0,0,2,0,0,0,0,0,15,20,0,0,0,0,0,0,33,2,3027.5,3178,3424.5,3206.63,389.44,3,29,2,0,32,9.66,0.6,0,34,5,0,0,1,4,0,0,2,1,1,5,0,0,0,0,0,0,0,0,0,0,0,0,0,0,0,0,0,0,0,0,0,0,0,0,0,0,0,NA,NA,67.3076923076923,1.98098256735341,0,0,0,0,0,0,0
2015,"MUNICIPIO","1712801",3362,3154,1697,1457,1070,1554,530,481,739,237,"0,58","0,699","0,664","0,724",32,0,18,0,9,11,6,4,2,0,0,0,32,18.75,23,26.25,23.41,5.76,0,0,0,0,1,2,0,1,0,25,4,9,22,11,21,32,0,0,0,1,1,25,3,2,25,3,38,39.5,40,39.03,2.28,0,4,1,3,15,31,1,20,0,30,1,0,6,3,11,3,4,0,1,0,0,2,0,0,0,0,0,15,17,0,0,0,0,0,3,25,4,2956.25,3255,3468.75,3258.56,528.76,4,21,5,1,25,9.19,1.17,1,31,16,0,0,1,15,0,4,4,2,5,7,9,2,0,0,0,0,0,0,0,0,0,0,0,1,0,0,0,1,0,1,1,0,0,0,1,0,0,2135,NA,43.3017591339648,4.75907198096371,3125,135.31799729364,135.31799729364,0,0,0,0
2015,"MUNICIPIO","1713205",19634,20684,10347,10337,6019,11252,3413,3046,5602,1689,"0,684","0,699","0,664","0,724",354,0,336,6,77,111,80,54,23,3,0,0,348,20,23,29,24.49,6.35,2,0,0,0,24,29,45,15,4,285,2,143,209,133,221,348,6,0,2,0,29,310,13,31,310,13,38,39,40,38.73,2.1,0,70,44,45,192,154,200,169,0,343,7,0,73,43,86,42,66,2,4,6,0,30,0,0,0,0,0,184,170,0,0,0,0,0,23,307,24,2901.25,3257.5,3559.5,3231.87,524.35,28,273,42,1,352,9.54,0.77,6,346,101,0,0,15,86,4,21,28,9,24,60,41,7,0,3,2,1,2,0,0,1,0,1,0,0,0,0,0,0,0,0,0,0,0,0,0,0,0,19632,NA,63.1917172438415,5.14413772028114,0,0,0,8.47457627118644,5.64971751412429,2.82485875706215,14.1242937853107
2015,"MUNICIPIO","1713304",13298,12623,6423,6200,3374,6715,2534,1645,3288,1267,"0,662","0,699","0,664","0,724",169,0,160,3,42,50,38,21,12,3,0,0,166,19,24,28,24.31,6.38,0,0,0,0,10,11,32,6,0,130,0,54,114,64,105,169,0,0,1,2,12,147,6,15,147,6,38,39,40,38.71,2.3,0,46,24,18,79,168,1,96,0,160,6,1,31,21,33,28,33,4,2,0,1,13,0,0,0,0,0,90,79,0,0,0,0,0,16,148,5,2920,3250,3540,3185.17,572.53,15,133,17,3,164,9.35,1.2,0,169,86,0,0,15,71,1,15,23,8,24,49,37,1,0,4,4,0,1,0,1,0,0,1,0,0,0,0,0,0,0,0,0,0,0,0,0,0,0,13297,NA,51.3990267639903,6.46713791547601,0,0,0,23.6686390532544,23.6686390532544,0,29.585798816568
2015,"MUNICIPIO","1713601",7535,6716,3601,3115,2041,3232,1443,984,1500,631,"0,622","0,699","0,664","0,724",98,0,80,2,23,29,23,15,6,0,0,0,96,19.25,24,28,24.2,5.99,1,0,0,0,5,3,3,7,2,81,0,29,68,31,67,97,0,0,1,2,10,81,1,13,81,1,37,39,40,38.14,2.81,0,37,6,6,40,94,4,61,0,90,3,0,17,8,22,13,16,0,3,0,0,11,0,0,0,0,0,52,46,0,0,0,0,0,4,88,5,2935,3200,3500,3224.09,496.82,9,67,13,0,97,9.86,0.38,0,97,31,0,0,6,25,0,5,6,5,9,23,8,1,0,1,1,0,1,0,0,0,0,1,0,0,0,0,0,0,0,0,0,0,0,0,0,0,0,3180,NA,65.3333333333333,4.11413404114134,0,0,0,10.2040816326531,10.2040816326531,0,20.4081632653061
2015,"MUNICIPIO","1713700",2231,2085,1120,965,558,1074,453,271,515,179,"0,62","0,699","0,664","0,724",38,0,36,1,7,15,8,4,3,0,0,0,37,20.25,23.5,25.75,23.89,5.9,0,0,0,0,2,1,3,2,0,33,0,8,30,9,29,38,0,0,0,1,4,30,3,5,30,3,38,39,40,38.61,2.54,0,11,2,5,19,38,0,21,0,38,0,0,7,1,12,2,11,0,0,0,0,5,0,0,0,0,0,21,17,0,0,0,0,0,2,33,3,3070,3369,3655,3310.42,602.9,1,31,5,0,38,9.71,0.46,0,38,17,0,0,7,10,1,1,4,1,3,10,7,3,0,0,0,0,0,0,0,0,0,0,0,1,0,0,0,1,0,1,1,0,0,0,0,0,1,685,NA,73.7864077669903,7.61990138951143,2631.57894736842,194.174757281553,194.174757281553,0,0,0,0
2015,"MUNICIPIO","1713809",6362,5740,2991,2749,1783,3017,940,878,1429,442,"0,628","0,699","0,664","0,724",71,0,59,0,20,20,22,8,0,1,0,0,71,19,23,27,23.62,5.26,0,0,0,0,2,8,12,1,0,57,0,38,32,26,45,69,2,0,0,1,6,60,3,7,60,3,38,39,40,38.8,2.2,0,15,12,8,33,71,0,40,0,65,2,0,12,10,20,9,7,0,1,2,0,5,0,0,0,0,0,36,35,0,0,0,0,0,5,57,9,2915,3250,3700,3305.99,573.52,5,48,15,0,71,9.38,0.7,0,68,20,0,0,5,15,1,2,4,2,6,13,7,1,0,0,0,0,0,0,0,0,0,0,0,0,0,0,0,0,0,0,0,0,0,0,0,0,0,3962,NA,49.6850944716585,3.14366551398931,0,0,0,0,0,0,0
2015,"MUNICIPIO","1713957",3433,3152,1657,1495,1010,1565,577,499,733,263,"0,596","0,699","0,664","0,724",46,0,46,3,13,12,8,7,3,0,0,0,43,18.25,22,27.75,23.65,6.9,0,0,0,0,2,4,5,5,0,36,0,35,11,20,26,46,0,0,0,0,1,45,0,1,45,0,38,39,39,38.78,1.03,0,6,2,6,32,46,0,25,0,45,1,0,7,12,12,5,8,0,1,0,0,1,0,0,0,0,0,23,23,0,0,0,0,0,1,44,1,2790,3230,3553.75,3219.46,472.15,6,37,3,0,46,9.13,0.65,2,44,18,0,0,1,17,0,1,6,2,8,7,11,0,0,2,1,1,1,0,2,0,0,0,0,0,0,0,0,0,0,0,0,0,0,0,0,0,0,1939,NA,62.7557980900409,5.24322749781532,0,0,0,43.4782608695652,21.7391304347826,21.7391304347826,65.2173913043478
2015,"MUNICIPIO","1714203",9291,9000,4596,4404,2592,4661,1747,1265,2271,868,"0,73","0,699","0,664","0,724",127,0,105,1,34,33,24,25,6,4,0,0,126,19,24,30.5,24.84,6.9,1,0,0,0,6,11,5,22,0,96,2,62,65,47,80,126,1,0,2,0,8,102,10,10,102,10,38,39,40,38.83,2.52,0,41,1,10,69,120,7,72,0,123,4,0,21,20,29,22,16,0,4,1,0,10,0,0,0,0,0,56,71,0,0,0,0,0,10,111,6,2892.5,3150,3495,3160.51,577.67,11,92,12,1,126,9.66,0.73,1,122,54,0,0,5,49,3,9,14,9,14,31,23,5,0,2,2,0,3,0,0,0,0,2,0,0,0,0,0,0,0,0,0,0,0,0,0,0,0,8482,NA,55.9225011008366,5.81207620277688,0,0,0,15.748031496063,15.748031496063,0,39.3700787401575
2015,"MUNICIPIO","1714203",9291,9000,4596,4404,2592,4661,1747,1265,2271,868,"0,673","0,699","0,664","0,724",127,0,105,1,34,33,24,25,6,4,0,0,126,19,24,30.5,24.84,6.9,1,0,0,0,6,11,5,22,0,96,2,62,65,47,80,126,1,0,2,0,8,102,10,10,102,10,38,39,40,38.83,2.52,0,41,1,10,69,120,7,72,0,123,4,0,21,20,29,22,16,0,4,1,0,10,0,0,0,0,0,56,71,0,0,0,0,0,10,111,6,2892.5,3150,3495,3160.51,577.67,11,92,12,1,126,9.66,0.73,1,122,54,0,0,5,49,3,9,14,9,14,31,23,5,0,2,2,0,3,0,0,0,0,2,0,0,0,0,0,0,0,0,0,0,0,0,0,0,0,8482,NA,55.9225011008366,5.81207620277688,0,0,0,15.748031496063,15.748031496063,0,39.3700787401575
2015,"MUNICIPIO","1714302",4177,4386,2262,2124,1279,2177,930,604,1055,465,"0,643","0,699","0,664","0,724",47,0,43,0,12,18,8,5,4,0,0,0,47,19.5,23,27.5,24.04,6.22,0,0,0,0,1,4,3,0,0,43,0,28,19,18,29,47,0,0,0,0,3,40,3,3,40,3,38,39,40,38.91,1.77,0,9,0,10,26,46,1,26,0,43,3,0,10,6,10,6,8,0,3,0,0,3,0,0,0,0,0,24,23,0,0,0,0,0,3,39,5,3000,3175,3490,3192.36,591.49,4,35,5,0,45,9.13,0.81,2,44,17,0,0,3,14,0,3,5,0,6,11,6,0,0,0,0,0,0,0,0,0,0,0,0,0,0,0,0,0,0,0,0,0,0,0,0,0,0,4177,NA,44.5497630331754,4.06990663155375,0,0,0,0,0,0,0
2015,"MUNICIPIO","1714302",4177,4386,2262,2124,1279,2177,930,604,1055,465,"0,641","0,699","0,664","0,724",47,0,43,0,12,18,8,5,4,0,0,0,47,19.5,23,27.5,24.04,6.22,0,0,0,0,1,4,3,0,0,43,0,28,19,18,29,47,0,0,0,0,3,40,3,3,40,3,38,39,40,38.91,1.77,0,9,0,10,26,46,1,26,0,43,3,0,10,6,10,6,8,0,3,0,0,3,0,0,0,0,0,24,23,0,0,0,0,0,3,39,5,3000,3175,3490,3192.36,591.49,4,35,5,0,45,9.13,0.81,2,44,17,0,0,3,14,0,3,5,0,6,11,6,0,0,0,0,0,0,0,0,0,0,0,0,0,0,0,0,0,0,0,0,0,0,0,0,0,0,4177,NA,44.5497630331754,4.06990663155375,0,0,0,0,0,0,0
2015,"MUNICIPIO","1714880",11513,10686,5576,5110,3255,5498,1933,1574,2648,888,"0,573","0,699","0,664","0,724",219,0,206,7,47,64,55,27,15,4,0,0,212,20,24,29,24.47,6.36,2,0,0,0,11,20,15,7,0,195,1,149,70,77,142,213,6,0,1,1,16,198,3,18,198,3,38,39,40,38.79,1.82,0,43,27,43,105,217,2,122,0,210,7,0,36,31,63,34,33,1,2,6,0,11,0,0,0,0,0,127,92,0,0,0,0,0,16,187,16,2977.5,3285,3592.5,3267.81,513.34,11,174,28,2,213,9.16,0.76,5,214,64,0,0,15,49,0,7,21,3,18,34,30,6,0,2,2,0,0,0,1,0,0,1,0,0,0,0,0,0,0,0,0,0,0,0,0,0,0,9982,NA,82.7039274924471,5.55893337965778,0,0,0,9.1324200913242,9.1324200913242,0,9.1324200913242
2015,"MUNICIPIO","1714880",11513,10686,5576,5110,3255,5498,1933,1574,2648,888,"0,625","0,699","0,664","0,724",219,0,206,7,47,64,55,27,15,4,0,0,212,20,24,29,24.47,6.36,2,0,0,0,11,20,15,7,0,195,1,149,70,77,142,213,6,0,1,1,16,198,3,18,198,3,38,39,40,38.79,1.82,0,43,27,43,105,217,2,122,0,210,7,0,36,31,63,34,33,1,2,6,0,11,0,0,0,0,0,127,92,0,0,0,0,0,16,187,16,2977.5,3285,3592.5,3267.81,513.34,11,174,28,2,213,9.16,0.76,5,214,64,0,0,15,49,0,7,21,3,18,34,30,6,0,2,2,0,0,0,1,0,0,1,0,0,0,0,0,0,0,0,0,0,0,0,0,0,0,9982,NA,82.7039274924471,5.55893337965778,0,0,0,9.1324200913242,9.1324200913242,0,9.1324200913242
2015,"MUNICIPIO","1714880",11513,10686,5576,5110,3255,5498,1933,1574,2648,888,"0,631","0,699","0,664","0,724",219,0,206,7,47,64,55,27,15,4,0,0,212,20,24,29,24.47,6.36,2,0,0,0,11,20,15,7,0,195,1,149,70,77,142,213,6,0,1,1,16,198,3,18,198,3,38,39,40,38.79,1.82,0,43,27,43,105,217,2,122,0,210,7,0,36,31,63,34,33,1,2,6,0,11,0,0,0,0,0,127,92,0,0,0,0,0,16,187,16,2977.5,3285,3592.5,3267.81,513.34,11,174,28,2,213,9.16,0.76,5,214,64,0,0,15,49,0,7,21,3,18,34,30,6,0,2,2,0,0,0,1,0,0,1,0,0,0,0,0,0,0,0,0,0,0,0,0,0,0,9982,NA,82.7039274924471,5.55893337965778,0,0,0,9.1324200913242,9.1324200913242,0,9.1324200913242
2015,"MUNICIPIO","1715002",4113,3770,1965,1805,1082,1843,845,516,903,386,"0,661","0,699","0,664","0,724",55,0,53,1,16,13,6,12,5,2,0,0,54,19,22,30.5,24.87,7.13,0,0,0,0,2,7,3,2,0,50,0,15,40,25,30,55,0,0,0,2,7,40,6,9,40,6,38,39,40,38.8,2.58,0,12,1,9,32,55,0,34,0,54,1,0,15,7,13,3,8,0,1,0,0,8,0,0,0,0,0,24,31,0,0,0,0,0,3,51,1,3043,3242,3471,3244.71,426.54,4,43,7,1,54,9.56,0.94,0,55,21,0,0,3,18,0,5,7,2,4,9,12,1,0,0,0,0,0,0,0,0,0,0,0,0,0,0,0,0,0,0,0,0,0,0,0,0,0,2480,NA,60.9080841638981,5.10576221735959,0,0,0,0,0,0,0
2015,"MUNICIPIO","1715101",4158,3762,1921,1841,1192,1892,678,609,902,330,"0,639","0,699","0,664","0,724",74,0,67,1,17,20,19,12,4,1,0,0,73,20,24,28.75,24.85,5.88,0,0,0,0,2,6,4,8,0,62,0,18,56,18,56,71,3,0,1,0,11,62,0,12,62,0,38,39,40,38.49,2.68,0,23,14,12,24,72,2,40,0,72,2,0,8,4,19,11,18,2,0,3,0,9,0,0,0,0,0,38,36,0,0,0,0,0,10,63,1,2817.5,3210,3553.75,3112.05,624.05,9,58,4,1,72,9.64,0.71,1,72,28,0,0,4,24,0,1,6,6,11,14,14,2,0,0,0,0,2,0,0,0,0,0,0,0,0,0,0,0,0,0,0,0,0,0,0,0,0,3361,NA,82.039911308204,6.73400673400673,0,0,0,0,0,0,27.027027027027
2015,"MUNICIPIO","1715150",2351,2286,1180,1106,603,1245,438,287,611,208,"0,699","0,699","0,664","0,724",20,0,19,0,6,4,4,5,1,0,0,0,20,18.75,24.5,31,24.8,6.65,0,0,0,0,1,4,6,1,0,13,0,10,10,7,13,20,0,0,0,0,0,20,0,0,20,0,38.75,39,40,39.2,1.06,0,6,0,3,11,20,0,9,0,19,0,0,4,3,8,0,4,0,0,0,0,0,0,0,0,0,0,8,12,0,0,0,0,0,1,18,1,2833.75,3312.5,3502.5,3238.05,474.25,3,15,2,0,20,9.45,0.6,0,20,12,0,0,0,12,0,2,5,1,4,6,6,1,0,0,0,0,0,0,0,0,0,0,0,0,0,0,0,0,0,0,0,0,0,0,0,0,0,1747,NA,32.7332242225859,5.10421097405359,0,0,0,0,0,0,0
2015,"MUNICIPIO","1715259",2650,2457,1277,1180,878,1217,362,445,570,165,"0,596","0,699","0,664","0,724",35,0,30,2,9,9,7,5,2,1,0,0,33,19,23,28,24.09,6.59,0,0,0,0,0,2,4,0,0,31,0,16,19,15,20,35,0,0,0,0,2,31,1,2,31,1,38,39,40,38.88,1.53,0,9,4,3,14,35,0,16,0,33,1,1,12,3,6,4,6,0,1,0,1,1,0,0,0,0,0,19,16,0,0,0,0,0,2,32,1,2995,3205,3595,3223.37,513.93,2,29,3,0,35,9.69,0.53,0,35,10,0,0,1,9,1,2,5,1,0,8,2,1,0,0,0,0,0,0,0,0,0,0,0,0,0,0,0,0,0,0,0,0,0,0,0,0,0,1897,NA,61.4035087719298,3.77358490566038,0,0,0,0,0,0,0
2015,"MUNICIPIO","1715507",1098,1037,552,485,321,519,197,154,239,92,"0,675","0,699","0,664","0,724",17,0,14,0,5,2,6,2,2,0,0,0,17,18,25,27,24.59,6.38,0,0,0,0,2,2,2,0,0,15,0,2,15,7,10,17,0,0,0,0,3,11,3,3,11,3,38,39,40,39,2.37,0,1,1,1,13,17,0,12,0,17,0,0,4,3,4,2,1,0,0,0,0,3,0,0,0,0,0,6,11,0,0,0,0,0,1,16,0,2922,3120,3566,3161.47,431.18,1,14,1,0,17,9.71,0.59,0,16,6,0,0,2,4,0,1,1,0,2,3,3,1,0,0,0,0,0,0,0,0,0,0,0,0,0,0,0,0,0,0,0,0,0,0,0,0,0,860,NA,71.1297071129707,5.46448087431694,0,0,0,0,0,0,0
2015,"MUNICIPIO","1715705",5651,4954,2659,2295,1634,2431,889,825,1108,362,"0,571","0,699","0,664","0,724",48,0,40,1,18,12,7,7,2,1,0,0,47,18,22.5,28,23.23,6.75,0,0,0,0,1,2,1,2,0,44,0,34,13,16,32,46,2,0,0,0,2,43,2,2,43,2,38,38,39,38.57,1.36,0,10,5,11,21,48,0,28,0,46,1,1,9,4,15,7,7,0,0,2,1,2,0,0,0,0,0,24,24,0,0,0,0,0,2,42,4,2905,3157.5,3515,3245.83,562.82,4,34,7,0,45,9.24,0.65,0,48,28,0,0,8,20,2,3,9,2,4,20,8,1,0,0,0,0,0,0,0,0,0,0,0,0,0,0,0,0,0,0,0,0,0,0,0,0,0,2155,NA,43.3212996389892,4.95487524331977,0,0,0,0,0,0,0
2015,"MUNICIPIO","1715754",7645,7339,3704,3635,1909,3929,1501,954,1982,699,"0,673","0,699","0,664","0,724",79,0,56,2,18,20,17,17,4,1,0,0,77,19.5,24,30.5,24.95,6.58,0,0,0,0,1,3,10,3,1,57,0,24,54,24,55,74,2,0,0,0,13,58,3,13,58,3,37,39,40,38.21,2.33,0,18,7,4,43,75,4,33,0,71,3,0,12,5,15,4,20,0,1,5,0,7,0,0,0,0,0,42,37,0,0,0,0,0,5,69,5,2897,3350,3638,3244.28,572.4,3,50,11,0,79,9.72,0.58,0,74,31,0,0,5,26,1,3,8,4,10,15,16,3,0,2,2,0,0,0,0,0,0,2,0,1,0,0,0,0,1,0,0,0,0,0,0,0,0,7520,NA,39.8587285570131,4.05493786788751,1265.82278481013,50.4540867810293,0,25.3164556962025,25.3164556962025,0,25.3164556962025
2015,"MUNICIPIO","1716109",49076,44417,22113,22304,11457,25855,7105,5625,13119,3560,"0,764","0,699","0,664","0,724",860,0,815,10,164,231,224,143,71,17,0,0,850,20,25,30,25.5,6.44,1,0,0,0,57,91,159,20,2,677,0,151,709,319,541,854,6,0,4,11,78,714,52,93,714,52,38,39,40,38.75,2.32,0,169,52,67,560,200,660,413,0,822,35,2,179,84,204,62,207,15,19,5,2,81,0,0,0,0,0,420,440,0,0,0,0,0,59,751,50,2945.75,3280,3590.5,3246.4,537.51,48,672,111,8,848,9.61,0.83,7,852,261,0,0,57,204,8,43,58,27,68,144,117,18,0,10,9,1,5,0,6,0,0,3,0,1,0,0,0,1,0,1,1,1,0,0,0,0,0,49071,5462,65.5537769647077,5.31828184856141,116.279069767442,7.62253220519857,7.62253220519857,11.6279069767442,10.4651162790698,1.16279069767442,17.4418604651163
2015,"MUNICIPIO","1716208",10573,10338,5444,4894,3253,5163,1922,1551,2446,897,"0,595","0,699","0,664","0,724",153,0,103,0,37,42,40,25,8,1,0,0,153,20,24,29,24.62,6.13,0,0,0,0,4,10,6,18,0,124,0,50,81,41,112,147,6,0,1,2,17,124,4,20,124,4,38,39,40,38.51,2.3,0,49,19,22,49,107,46,90,0,140,8,1,19,13,48,16,23,2,3,6,1,13,0,0,0,0,0,73,80,0,0,0,0,0,13,128,12,2925,3234,3535,3206.8,618.58,11,109,18,1,148,9.61,0.77,2,144,51,0,0,10,41,1,11,17,2,10,33,18,2,0,1,1,0,0,0,0,0,0,0,0,0,0,0,0,0,0,0,0,0,0,0,0,0,0,6690,NA,62.551103843009,4.82360730161733,0,0,0,6.5359477124183,6.5359477124183,0,6.5359477124183
2015,"MUNICIPIO","1716307",4814,4588,2459,2129,1354,2408,826,640,1143,346,"0,661","0,699","0,664","0,724",59,0,51,0,13,18,12,13,2,1,0,0,59,20.5,23,30,24.76,5.84,0,0,0,0,2,9,5,4,1,47,0,37,22,16,43,59,0,0,0,1,2,53,2,3,53,2,38,39,40,38.79,1.77,0,14,9,14,21,59,0,33,0,56,2,0,9,6,19,5,14,1,1,0,0,2,0,0,0,0,0,34,25,0,0,0,0,0,3,52,4,2942.5,3340,3552.5,3272.88,486.43,3,46,8,0,58,9.45,0.6,0,56,19,0,0,3,16,0,4,8,0,4,14,5,1,0,0,0,0,0,0,0,0,0,0,0,0,0,0,0,0,0,0,0,0,0,0,0,0,0,3030,NA,51.6185476815398,3.94682176983797,0,0,0,0,0,0,0
2015,"MUNICIPIO","1716307",4814,4588,2459,2129,1354,2408,826,640,1143,346,"0,574","0,699","0,664","0,724",59,0,51,0,13,18,12,13,2,1,0,0,59,20.5,23,30,24.76,5.84,0,0,0,0,2,9,5,4,1,47,0,37,22,16,43,59,0,0,0,1,2,53,2,3,53,2,38,39,40,38.79,1.77,0,14,9,14,21,59,0,33,0,56,2,0,9,6,19,5,14,1,1,0,0,2,0,0,0,0,0,34,25,0,0,0,0,0,3,52,4,2942.5,3340,3552.5,3272.88,486.43,3,46,8,0,58,9.45,0.6,0,56,19,0,0,3,16,0,4,8,0,4,14,5,1,0,0,0,0,0,0,0,0,0,0,0,0,0,0,0,0,0,0,0,0,0,0,0,0,0,3030,NA,51.6185476815398,3.94682176983797,0,0,0,0,0,0,0
2015,"MUNICIPIO","1716505",12900,11539,5969,5570,3155,6589,1795,1567,3115,888,"0,732","0,699","0,664","0,724",279,0,252,6,73,77,61,42,16,4,0,0,273,19,23,29,24.2,6.44,1,0,0,0,9,28,23,4,2,242,1,162,114,114,165,272,6,0,0,7,33,218,15,40,218,15,38,39,39,38.33,2.39,0,86,46,37,105,53,226,87,0,270,9,0,68,28,56,15,58,2,6,6,0,34,0,0,0,0,0,156,123,0,0,0,0,0,22,239,18,2964,3220,3484,3199.91,583.61,18,214,31,1,278,8.87,0.66,3,275,72,0,0,8,64,0,4,28,7,25,36,36,8,0,2,2,0,0,0,0,1,0,1,0,0,0,0,0,0,0,0,0,0,0,0,0,0,0,NA,NA,89.5666131621188,5.58139534883721,0,0,0,7.16845878136201,7.16845878136201,0,7.16845878136201
2015,"MUNICIPIO","1716604",11340,10384,5427,4957,2898,5381,2105,1427,2561,969,"0,674","0,699","0,664","0,724",128,0,113,0,36,38,29,12,13,0,0,0,128,19,23,28,24.14,6.26,1,0,0,0,3,17,9,11,1,105,0,36,90,42,86,128,0,1,0,1,15,93,12,17,93,12,38,39,40,38.72,2.8,0,34,7,14,65,125,3,58,0,125,3,0,25,8,33,12,24,0,3,0,0,17,0,0,0,0,0,48,80,0,0,0,0,0,9,114,5,2976,3270,3582.5,3240.47,511.22,7,97,15,3,125,9.75,1.03,0,128,47,0,0,11,36,0,7,11,4,14,32,14,4,0,2,1,1,0,0,0,0,0,2,0,0,0,0,0,0,0,0,0,0,0,0,0,0,0,6485,1342,49.9804763764155,4.14462081128748,0,0,0,15.625,7.8125,7.8125,15.625
2015,"MUNICIPIO","1716653",5381,5054,2667,2387,1495,2648,911,709,1258,420,"0,627","0,699","0,664","0,724",61,0,54,1,14,19,11,13,2,0,0,1,59,20,24,30,24.74,6.64,0,0,0,0,2,10,9,0,0,51,0,21,40,22,39,61,0,0,0,0,4,51,4,4,51,4,38,39,40,39.07,1.98,0,11,7,11,30,60,1,22,0,59,1,0,16,4,13,6,15,1,0,0,0,3,0,0,0,0,0,33,28,0,0,0,0,0,7,53,1,2986,3274,3540,3195.08,460.16,7,44,5,0,61,9.34,0.81,1,59,23,0,0,3,20,0,6,8,0,6,13,10,0,0,0,0,0,1,0,0,0,0,0,0,0,0,0,0,0,0,0,0,0,0,0,0,0,0,2527,NA,48.489666136725,4.27429845753577,0,0,0,0,0,0,16.3934426229508
2015,"MUNICIPIO","1716703",8522,8611,4368,4243,2232,4612,1767,1128,2272,843,"0,671","0,699","0,664","0,724",116,0,110,5,26,37,26,9,11,2,0,0,111,19,23,28,24.11,6.7,0,0,0,0,6,10,12,0,0,102,0,26,87,51,65,116,0,0,1,1,14,96,4,16,96,4,38,39,40,38.51,2.31,0,21,21,15,59,113,3,38,0,114,2,0,31,16,19,9,23,2,0,0,0,16,0,0,0,0,0,52,64,0,0,0,0,0,5,103,8,2996.5,3330,3667,3318.75,478,4,91,20,1,114,9.22,0.85,1,115,66,0,0,9,57,1,8,19,9,20,40,26,4,0,0,0,0,1,0,0,0,0,0,0,0,0,0,0,0,0,0,0,0,0,0,0,0,0,7389,NA,51.056338028169,7.74466087772823,0,0,0,0,0,0,8.62068965517241
2015,"MUNICIPIO","1717008",4547,4506,2385,2121,1349,2287,870,650,1069,402,"0,605","0,699","0,664","0,724",68,0,58,0,11,23,15,11,5,3,0,0,68,21,24.5,30.25,26.09,6.46,1,0,0,0,0,4,4,3,0,60,0,14,54,10,58,68,0,0,0,1,3,62,1,4,62,1,38,39,40,39.04,1.8,0,20,1,4,41,65,3,31,0,62,4,0,6,3,20,10,19,1,3,0,0,3,0,0,0,0,0,30,38,0,0,0,0,0,4,58,6,3033.75,3297.5,3714.25,3326.12,457.54,4,52,10,1,67,9.66,1.17,0,65,17,0,0,5,12,2,0,3,2,5,9,8,1,0,1,1,0,0,0,0,0,0,1,0,0,0,0,0,0,0,0,0,0,0,0,0,0,0,2984,NA,63.6108512628625,3.73872883219705,0,0,0,14.7058823529412,14.7058823529412,0,14.7058823529412
2015,"MUNICIPIO","1717206",3031,2920,1626,1294,824,1517,579,371,690,233,"0,621","0,699","0,664","0,724",32,0,29,0,8,11,5,4,4,0,0,0,32,19.5,22.5,29.25,24.56,6.81,0,0,0,0,0,1,2,1,0,29,0,24,8,11,21,30,2,0,0,0,3,29,0,3,29,0,38,39,40,38.88,1.58,0,10,4,5,13,31,1,15,0,30,1,0,7,4,5,5,7,0,0,2,0,1,0,0,0,0,0,14,18,0,0,0,0,0,3,29,0,3142.5,3305,3518.75,3285,450.32,1,25,4,1,30,8.94,0.93,0,32,3,0,0,2,1,0,0,1,0,0,2,1,0,0,0,0,0,0,0,0,0,0,0,0,0,0,0,0,0,0,0,0,0,0,0,0,0,0,1162,NA,46.3768115942029,0.989772352358957,0,0,0,0,0,0,0
2015,"MUNICIPIO","1717503",7357,6694,3526,3168,1939,3433,1322,933,1647,588,"0,65","0,699","0,664","0,724",74,0,71,0,12,29,16,13,4,0,0,0,74,21,24,28.75,24.7,5.42,0,0,0,0,0,6,11,3,1,57,0,15,59,29,45,74,0,1,0,2,4,65,2,7,65,2,38,39,40,38.42,2.85,0,9,8,11,44,72,2,40,0,70,1,1,15,8,19,7,14,1,0,0,1,7,0,0,0,0,0,41,33,0,0,0,0,0,5,67,2,3068.5,3293,3635.5,3246.92,550.86,4,59,8,0,74,9.76,0.46,0,74,31,0,0,3,28,2,6,12,1,7,23,8,1,0,0,0,0,0,0,0,0,0,0,0,0,0,0,0,0,0,0,0,0,0,0,0,0,0,4101,NA,44.9301760777171,4.21367405192334,0,0,0,0,0,0,0
2015,"MUNICIPIO","1717800",4649,4544,2405,2139,1341,2196,1007,656,996,487,"0,603","0,699","0,664","0,724",56,0,52,1,17,16,9,8,4,1,0,0,55,19,23,29,24.18,6.66,1,0,0,0,1,2,2,1,0,53,0,19,37,20,36,55,1,0,0,0,2,52,0,2,52,0,38,39,40,39.02,1.37,0,21,2,4,27,56,0,27,0,55,1,0,11,4,18,6,11,1,0,1,0,2,0,0,0,0,0,31,25,0,0,0,0,0,3,47,6,2858.75,3212.5,3510,3179.96,649.21,7,39,7,0,56,9.68,0.58,0,56,21,0,0,2,19,0,1,9,1,8,12,9,0,0,0,0,0,0,0,0,0,0,0,0,0,0,0,0,0,0,0,0,0,0,0,0,0,0,2560,NA,56.2248995983936,4.51710045171004,0,0,0,0,0,0,0
2015,"MUNICIPIO","1717909",7793,7180,3879,3301,2193,3647,1340,1056,1630,615,"0,624","0,699","0,664","0,724",112,0,98,1,21,36,25,22,6,1,0,0,111,20.75,24,30,25.37,5.96,4,0,0,0,2,5,8,8,1,91,0,32,80,27,85,110,2,0,0,2,9,93,7,11,93,7,38,39,40,38.74,2.21,0,38,5,6,60,107,5,66,0,110,2,0,10,14,37,16,19,0,2,2,0,11,0,0,0,0,0,62,50,0,0,0,0,0,6,97,9,2875,3210,3515,3218.22,471.18,8,83,15,0,110,9.82,0.45,1,109,39,0,0,5,34,0,4,14,6,10,26,13,2,0,1,0,1,0,0,0,0,0,1,0,0,0,0,0,0,0,0,0,0,0,0,0,0,0,4862,NA,68.7116564417178,5.00449121006031,0,0,0,8.92857142857143,0,8.92857142857143,8.92857142857143
2015,"MUNICIPIO","1718006",3039,2796,1431,1365,899,1381,516,453,672,240,"0,645","0,699","0,664","0,724",47,0,44,0,13,9,12,9,2,1,1,0,47,19,25,30,25.49,7.17,0,0,0,0,1,6,3,7,0,37,0,13,34,16,31,45,2,0,0,0,5,41,1,5,41,1,38,39,40,38.57,2.12,0,14,5,8,18,47,0,29,0,41,6,0,7,6,10,3,11,1,4,2,0,3,0,0,0,0,0,21,26,0,0,0,0,0,2,43,2,2870,3110,3467.5,3184.45,492.34,6,32,7,1,46,9.53,1.02,0,47,10,0,0,1,9,2,1,4,1,1,6,4,0,0,0,0,0,0,0,0,0,0,0,0,0,0,0,0,0,0,0,0,0,0,0,0,0,0,2064,NA,69.9404761904762,3.29055610398157,0,0,0,0,0,0,0
2015,"MUNICIPIO","1718204",52182,49146,24517,24629,13671,27412,8063,6763,13811,4055,"0,74","0,699","0,664","0,724",1119,0,942,16,218,319,266,191,96,11,2,0,1103,20,25,30,25.31,6.48,1,0,0,0,107,162,108,81,10,894,4,288,821,435,684,1084,35,0,2,20,140,880,52,162,880,52,38,39,40,38.4,2.47,0,291,103,116,567,293,826,489,0,1060,51,3,182,173,190,132,205,13,31,33,3,127,0,0,0,0,0,575,544,0,0,0,0,0,84,980,55,2960,3250,3550,3221.49,538.06,52,833,146,7,1110,9.73,0.71,5,1090,321,0,0,73,248,16,26,92,45,69,201,119,21,0,7,6,1,3,0,1,0,0,4,0,0,0,0,0,0,0,0,0,0,0,0,0,0,0,52177,36098,81.0223734704221,6.15154651029091,0,0,0,6.25558534405719,5.36193029490617,0.893655049151028,8.93655049151028
2015,"MUNICIPIO","1718303",8229,7659,3897,3762,2833,3658,1168,1408,1783,571,"0,583","0,699","0,664","0,724",132,0,80,1,34,32,30,23,10,2,0,0,131,19,24,30,25.02,6.5,2,0,0,0,2,11,5,3,0,119,0,37,93,39,93,129,2,0,0,2,18,94,8,20,94,8,37,39,40,38.65,2.42,0,26,16,11,40,131,1,67,0,128,4,0,17,12,28,21,22,1,1,2,0,17,0,0,0,0,0,71,61,0,0,0,0,0,11,117,4,2897.5,3175,3482.5,3142.67,507.99,11,94,12,1,126,9.06,0.97,0,131,43,0,0,5,38,0,5,21,2,10,23,20,3,0,2,2,0,0,0,0,0,0,2,0,1,0,0,0,0,1,0,0,0,0,0,0,0,0,4759,NA,74.032529444756,5.22542228703366,757.575757575758,56.0852495793606,0,15.1515151515152,15.1515151515152,0,15.1515151515152
2015,"MUNICIPIO","1718402",3744,3681,1882,1799,1057,1924,700,521,939,339,"0,657","0,699","0,664","0,724",52,0,46,2,12,20,10,6,1,0,1,0,50,19,22,26,23.12,6.25,1,0,0,0,5,2,6,0,0,43,0,19,32,21,31,50,2,0,1,0,3,45,2,4,45,2,38,39,39,38.45,2.69,0,12,3,4,33,52,0,12,0,49,2,0,11,5,11,6,12,0,1,2,0,2,0,0,0,0,0,26,26,0,0,0,0,0,1,48,3,3045.25,3294.5,3600.5,3300.88,512.4,0,39,9,2,50,8.92,1.63,1,51,26,0,0,4,22,0,2,11,2,7,18,8,0,0,1,1,0,0,0,0,0,0,1,0,0,0,0,0,0,0,0,0,0,0,0,0,0,0,3287,NA,55.3780617678381,6.94444444444444,0,0,0,19.2307692307692,19.2307692307692,0,19.2307692307692
2015,"MUNICIPIO","1718402",3744,3681,1882,1799,1057,1924,700,521,939,339,"0,669","0,699","0,664","0,724",52,0,46,2,12,20,10,6,1,0,1,0,50,19,22,26,23.12,6.25,1,0,0,0,5,2,6,0,0,43,0,19,32,21,31,50,2,0,1,0,3,45,2,4,45,2,38,39,39,38.45,2.69,0,12,3,4,33,52,0,12,0,49,2,0,11,5,11,6,12,0,1,2,0,2,0,0,0,0,0,26,26,0,0,0,0,0,1,48,3,3045.25,3294.5,3600.5,3300.88,512.4,0,39,9,2,50,8.92,1.63,1,51,26,0,0,4,22,0,2,11,2,7,18,8,0,0,1,1,0,0,0,0,0,0,1,0,0,0,0,0,0,0,0,0,0,0,0,0,0,0,3287,NA,55.3780617678381,6.94444444444444,0,0,0,19.2307692307692,19.2307692307692,0,19.2307692307692
2015,"MUNICIPIO","1718451",2591,2369,1257,1112,758,1241,370,341,597,174,"0,669","0,699","0,664","0,724",35,0,32,0,9,9,9,4,4,0,0,0,35,19.5,24,28.5,24.86,6.42,0,0,0,0,1,1,4,1,0,30,0,9,26,16,19,33,2,0,0,0,6,28,1,6,28,1,37,39,40,38.46,2.08,0,6,1,2,26,35,0,24,0,34,1,0,11,4,6,3,5,0,0,2,0,4,0,0,0,0,0,21,14,0,0,0,0,0,3,29,3,2766,3125,3378,3158.57,636.97,2,26,4,0,35,9.74,0.51,0,35,15,0,0,2,13,1,1,5,1,5,9,6,3,0,0,0,0,0,0,0,0,0,0,0,0,0,0,0,0,0,0,0,0,0,0,0,0,0,2166,NA,58.6264656616415,5.78927055191046,0,0,0,0,0,0,0
2015,"MUNICIPIO","1718501",4132,3768,2008,1760,1390,1787,591,678,825,257,"0,5","0,699","0,664","0,724",68,0,55,1,30,21,7,6,2,1,0,0,67,17,20,24,21.76,6.1,2,0,0,0,0,3,3,0,0,64,0,44,21,22,46,68,0,0,1,3,3,56,5,7,56,5,37.75,39,40,38.43,3.13,0,33,6,10,14,61,7,29,0,63,2,0,11,9,16,8,15,1,1,0,0,4,0,0,0,0,0,34,34,0,0,0,0,0,4,62,2,2937.5,3234,3513.5,3187.46,540.8,2,56,6,3,64,8.67,1.27,2,65,19,0,0,3,16,1,2,7,0,6,15,4,1,0,2,1,1,0,0,0,0,0,2,0,0,0,0,0,0,0,0,0,0,0,0,0,0,0,2155,NA,82.4242424242424,4.59825750242014,0,0,0,29.4117647058824,14.7058823529412,14.7058823529412,29.4117647058824
2015,"MUNICIPIO","1718550",4520,4191,2168,2023,1341,2099,751,666,1018,339,"0,572","0,699","0,664","0,724",68,0,67,0,22,16,13,15,2,0,0,0,68,19,23.5,29.25,24.13,6.28,0,0,0,0,1,6,3,3,0,62,0,42,26,25,43,68,0,0,1,1,2,64,0,4,64,0,38,39,40,38.65,2.24,0,15,7,9,36,68,0,31,0,68,0,0,14,10,23,5,12,0,0,0,0,4,0,0,0,0,0,33,35,0,0,0,0,0,4,58,6,3043.75,3300,3512.5,3244.26,570.2,3,57,8,0,68,9.19,0.67,0,68,22,0,0,2,20,1,4,6,2,7,16,6,2,0,0,0,0,0,0,0,0,0,0,0,0,0,0,0,0,0,0,0,0,0,0,0,0,0,1936,NA,66.7976424361493,4.86725663716814,0,0,0,0,0,0,0
2015,"MUNICIPIO","1718550",4520,4191,2168,2023,1341,2099,751,666,1018,339,"0,632","0,699","0,664","0,724",68,0,67,0,22,16,13,15,2,0,0,0,68,19,23.5,29.25,24.13,6.28,0,0,0,0,1,6,3,3,0,62,0,42,26,25,43,68,0,0,1,1,2,64,0,4,64,0,38,39,40,38.65,2.24,0,15,7,9,36,68,0,31,0,68,0,0,14,10,23,5,12,0,0,0,0,4,0,0,0,0,0,33,35,0,0,0,0,0,4,58,6,3043.75,3300,3512.5,3244.26,570.2,3,57,8,0,68,9.19,0.67,0,68,22,0,0,2,20,1,4,6,2,7,16,6,2,0,0,0,0,0,0,0,0,0,0,0,0,0,0,0,0,0,0,0,0,0,0,0,0,0,1936,NA,66.7976424361493,4.86725663716814,0,0,0,0,0,0,0
2015,"MUNICIPIO","1718659",1980,1714,886,828,587,892,235,287,426,115,"0,608","0,699","0,664","0,724",34,0,28,0,16,11,4,1,2,0,0,0,34,17,20,22.75,21.21,5.59,1,0,0,0,2,1,0,3,0,31,0,12,22,13,21,30,4,0,0,0,8,22,3,8,22,3,37,39,40,38.42,2.39,0,10,1,5,17,34,0,18,0,33,1,0,7,2,7,1,6,0,0,4,0,6,0,0,0,0,0,14,20,0,0,0,0,0,7,25,2,2563.75,3127.5,3473.75,3030.15,637.17,2,23,3,0,34,9.71,0.46,0,34,8,0,0,1,7,0,1,4,0,2,3,5,0,0,0,0,0,0,0,0,0,0,0,0,0,0,0,0,0,0,0,0,0,0,0,0,0,0,1780,NA,79.81220657277,4.04040404040404,0,0,0,0,0,0,0
2015,"MUNICIPIO","1718709",2764,2570,1361,1209,731,1345,494,359,636,214,"0,616","0,699","0,664","0,724",25,0,24,2,5,6,6,6,0,0,0,0,23,17,24,29,23.8,6.4,0,0,0,0,1,1,2,1,1,21,0,7,18,7,18,25,0,0,0,0,2,23,0,2,23,0,39,39,40,39.12,1.3,0,7,3,2,13,25,0,12,0,25,0,0,3,3,8,4,5,0,0,0,0,2,0,0,0,0,0,10,15,0,0,0,0,0,1,22,2,2845,3168,3450,3191.52,592.12,2,20,3,0,24,9.5,0.59,2,23,13,0,0,3,10,1,3,4,1,1,5,8,1,0,0,0,0,1,0,0,0,0,0,0,0,0,0,0,0,0,0,0,0,0,0,0,0,0,1097,NA,39.3081761006289,4.70332850940666,0,0,0,0,0,0,40
2015,"MUNICIPIO","1718758",6486,6254,3379,2875,1904,3042,1308,936,1342,597,"0,6","0,699","0,664","0,724",51,0,45,2,16,10,14,4,4,1,0,0,49,17.5,24,28,23.76,6.86,0,0,0,0,0,3,1,0,0,48,1,17,33,19,32,48,3,0,1,1,3,43,2,5,43,2,38,39,40,38.44,2.97,0,15,2,2,30,51,0,26,0,51,0,0,14,4,15,2,10,0,0,3,0,2,0,0,0,0,0,26,25,0,0,0,0,0,7,44,0,3019.5,3284,3410,3035.96,767.57,4,41,1,2,49,9.24,1.46,1,50,25,0,0,4,21,0,2,6,1,12,16,9,0,0,4,3,1,1,0,1,0,0,2,0,0,0,0,0,0,0,0,0,0,0,0,0,0,0,3023,NA,38.0029806259314,3.85445575084798,0,0,0,78.4313725490196,58.8235294117647,19.6078431372549,98.0392156862745
2015,"MUNICIPIO","1718808",4415,3864,1970,1894,1448,1888,528,676,954,264,"0,606","0,699","0,664","0,724",86,0,39,1,24,32,13,9,7,0,0,0,85,19,22,27,23.24,6.11,0,0,0,0,1,3,1,2,0,80,0,20,64,30,56,84,2,0,0,1,4,67,10,5,67,10,38,39,40,39.18,2,0,13,8,11,21,86,0,42,0,85,0,0,14,13,26,10,12,0,0,2,0,5,0,0,0,0,0,44,42,0,0,0,0,0,4,78,4,3040,3325,3553,3305.87,435.57,5,63,11,0,74,9.31,0.64,0,85,19,0,0,0,19,1,3,7,3,5,10,9,0,0,0,0,0,2,0,0,0,0,0,0,0,0,0,0,0,0,0,0,0,0,0,0,0,0,3939,NA,90.146750524109,4.3035107587769,0,0,0,0,0,0,23.2558139534884
2015,"MUNICIPIO","1718840",3410,3326,1741,1585,878,1743,705,422,866,297,"0,659","0,699","0,664","0,724",39,0,28,0,9,11,12,4,3,0,0,0,39,20,24,28,24.54,5.67,1,0,0,0,1,4,8,1,1,22,4,6,30,10,29,38,1,0,0,0,1,37,1,1,37,1,38,39,40,39.05,1.52,0,8,2,1,26,39,0,18,0,36,2,1,5,4,14,1,10,0,2,1,1,1,0,0,0,0,0,18,21,0,0,0,0,0,1,30,8,3053.5,3392,3732.5,3406.1,489.39,2,28,7,1,38,9.31,1.56,0,38,25,0,0,3,22,0,3,5,2,12,17,8,2,0,0,0,0,0,0,0,0,0,0,0,0,0,0,0,0,0,0,0,0,0,0,0,0,0,1809,NA,45.0346420323326,7.33137829912024,0,0,0,0,0,0,0
2015,"MUNICIPIO","1718865",7232,6599,3417,3182,2150,3553,896,1043,1737,402,"0,616","0,699","0,664","0,724",132,0,122,3,39,33,39,12,5,0,1,0,129,19,23,28,23.36,5.87,0,0,0,0,4,8,12,6,0,108,4,95,37,55,77,128,4,0,1,1,9,121,0,11,121,0,38,39,40,38.58,2.06,0,22,7,25,76,129,3,73,0,121,9,2,24,28,30,18,16,2,5,2,2,5,0,0,0,0,0,71,61,0,0,0,0,0,13,110,9,2898.75,3245,3517.5,3181.32,583.11,14,103,11,2,128,9.04,0.96,4,128,32,0,0,5,27,0,3,13,2,9,22,10,1,0,3,2,1,0,0,2,0,0,0,0,0,0,0,0,0,0,0,0,0,0,0,0,0,0,7144,NA,75.993091537133,4.42477876106195,0,0,0,22.7272727272727,15.1515151515152,7.57575757575758,22.7272727272727
2015,"MUNICIPIO","1718881",3252,2894,1518,1376,868,1451,575,427,676,273,"0,634","0,699","0,664","0,724",36,0,32,4,7,10,10,5,0,0,0,0,32,19,22,28.25,22.89,5.73,0,0,0,0,1,1,1,1,0,32,0,19,16,14,22,36,0,0,0,0,2,34,0,2,34,0,38,39,40,38.89,1.41,0,8,1,5,22,36,0,7,0,35,1,0,10,3,9,3,8,1,0,0,0,2,0,0,0,0,0,15,21,0,0,0,0,0,2,34,0,2946,3317.5,3608.75,3266.39,437.99,2,32,2,0,36,8.72,0.74,0,35,12,0,0,2,10,0,3,3,3,1,7,5,1,0,0,0,0,1,0,0,0,0,0,0,0,0,0,0,0,0,0,0,0,0,0,0,0,0,1906,NA,53.2544378698225,3.690036900369,0,0,0,0,0,0,27.7777777777778
2015,"MUNICIPIO","1718899",2300,2128,1109,1019,640,1074,414,330,517,172,"0,651","0,699","0,664","0,724",29,0,22,1,5,9,3,7,4,0,0,0,28,21,24,32,25.97,6.68,0,0,0,0,4,1,6,0,0,22,0,4,23,9,20,29,0,0,0,1,2,24,2,3,24,2,38,39,40,38.72,2.33,0,7,0,3,18,29,0,10,0,29,0,0,3,4,4,4,11,0,0,0,0,3,0,0,0,0,0,14,15,0,0,0,0,0,0,27,2,3120,3354,3650,3367.41,423.07,0,22,5,0,29,9.48,0.87,0,27,7,0,0,2,5,0,0,4,0,1,6,1,0,0,1,1,0,0,0,1,0,0,0,0,0,0,0,0,0,0,0,0,0,0,0,0,0,0,983,NA,56.0928433268859,3.04347826086956,0,0,0,34.4827586206897,34.4827586206897,0,34.4827586206897
2015,"MUNICIPIO","1718907",4794,4568,2411,2157,1527,2141,900,716,1016,425,"0,595","0,699","0,664","0,724",85,0,61,1,31,23,16,9,4,1,0,0,84,18,21,28,22.92,5.99,2,0,0,0,1,1,4,17,0,61,0,41,43,37,48,82,2,0,1,0,12,62,5,13,62,5,37.75,39,40,38.51,2.39,0,32,3,5,34,80,5,44,0,83,1,0,14,13,14,6,15,0,1,2,0,13,0,0,0,0,0,44,41,0,0,0,0,0,2,76,7,2980,3260,3596,3276.84,549.63,6,57,12,1,81,9.79,0.7,0,82,29,0,0,7,22,2,3,11,2,4,18,11,4,0,1,1,0,1,0,0,0,0,1,0,0,0,0,0,0,0,0,0,0,0,0,0,0,0,3079,NA,83.6614173228347,6.04922820191907,0,0,0,11.7647058823529,11.7647058823529,0,23.5294117647059
2015,"MUNICIPIO","1719004",2762,2523,1339,1184,794,1282,447,399,577,208,"0,662","0,699","0,664","0,724",47,0,44,0,14,15,8,5,4,1,0,0,47,19,23,27.5,24.15,6.67,1,0,0,0,0,2,0,9,0,37,0,14,33,15,32,47,0,0,0,0,8,38,0,8,38,0,37,39,40,38.24,2.24,0,15,5,8,18,45,2,35,0,45,1,0,10,1,22,2,2,0,1,0,0,7,0,0,0,0,0,25,22,0,0,0,0,0,8,37,2,2863,3205,3467.5,3125.53,627.53,5,37,3,1,45,9.28,1.13,3,44,18,0,0,4,14,1,2,4,2,5,10,8,2,0,2,2,0,0,0,0,0,0,0,0,0,0,0,0,0,0,0,0,0,0,0,0,0,0,1748,NA,81.4558058925477,6.51701665459812,0,0,0,42.5531914893617,42.5531914893617,0,42.5531914893617
2015,"MUNICIPIO","1720002",2547,2474,1268,1206,744,1292,438,366,635,205,"0,637","0,699","0,664","0,724",35,0,30,1,7,13,7,4,2,1,0,0,34,20,22,28.5,24.4,6.58,0,0,0,0,1,3,6,1,1,25,0,19,16,17,18,34,1,0,0,0,7,27,1,7,27,1,37.25,39,39,38.32,1.93,0,4,5,7,18,35,0,20,0,33,0,0,7,7,9,0,2,0,0,1,0,7,0,0,0,0,0,18,17,0,0,0,0,0,4,30,1,2837.5,3120,3360,3099.14,445.85,1,31,1,0,34,9.32,0.77,1,34,18,0,0,2,16,0,3,5,2,6,12,6,2,0,1,1,0,0,0,0,0,0,1,0,0,0,0,0,0,0,0,0,0,0,0,0,0,0,1640,NA,55.1181102362205,7.06713780918728,0,0,0,28.5714285714286,28.5714285714286,0,28.5714285714286
2015,"MUNICIPIO","1720101",5096,4608,2403,2205,1602,2304,702,764,1108,333,"0,605","0,699","0,664","0,724",95,0,53,0,34,31,16,12,2,0,0,0,95,18,21,27,22.45,5.57,1,0,0,0,0,6,2,1,0,90,0,34,58,43,52,94,1,0,0,1,9,75,8,10,75,8,38,39,41,39.14,2.39,0,14,4,11,37,94,1,62,0,94,1,0,20,16,28,8,9,0,1,1,0,10,0,0,0,0,0,53,42,0,0,0,0,0,5,87,3,2960,3250,3495,3220.44,430.27,7,74,8,0,85,9.32,0.64,1,94,22,0,0,5,17,1,2,4,4,6,17,5,0,0,0,0,0,0,0,0,0,0,0,0,0,0,0,0,0,0,0,0,0,0,0,0,0,0,2962,NA,85.7400722021661,4.3171114599686,0,0,0,0,0,0,0
2015,"MUNICIPIO","1720150",1545,1437,770,667,541,674,222,267,299,101,"0,574","0,699","0,664","0,724",17,0,17,0,5,5,5,2,0,0,0,0,17,19,22,26,22.88,5.19,0,0,0,0,2,0,0,1,0,16,0,8,9,5,12,17,0,0,0,0,1,16,0,1,16,0,39,40,40,39,2.18,0,2,0,2,13,17,0,9,0,17,0,0,4,1,4,4,3,0,0,0,0,1,0,0,0,0,0,12,5,0,0,0,0,0,2,14,1,3265,3460,3635,3320.65,626.98,1,14,2,1,16,9.35,1.06,0,17,10,0,0,0,10,0,2,4,0,4,6,4,0,0,1,1,0,0,0,0,0,0,0,0,0,0,0,0,0,0,0,0,0,0,0,0,0,0,993,NA,56.8561872909699,6.47249190938511,0,0,0,58.8235294117647,58.8235294117647,0,58.8235294117647
2015,"MUNICIPIO","1720200",11597,10481,5290,5191,3523,5251,1707,1752,2573,866,"0,623","0,699","0,664","0,724",165,0,143,3,41,41,34,36,9,1,0,0,162,19,24,30,24.61,6.32,1,0,0,0,3,4,9,5,1,149,0,115,50,56,109,161,4,0,0,5,20,126,13,25,126,13,38,39,40,38.84,2.56,0,36,38,15,67,165,0,65,0,157,8,0,19,31,27,30,26,2,4,4,0,22,0,0,0,0,0,81,84,0,0,0,0,0,15,141,9,2850,3195,3535,3178.79,592.2,15,121,17,2,162,9.05,1.02,1,164,46,0,0,9,37,2,6,11,4,14,28,18,3,0,2,2,0,0,1,1,0,0,1,0,1,1,0,0,0,0,1,0,0,0,0,0,0,0,9321,NA,64.1274776525457,3.966543071484,606.060606060606,38.8651379712398,38.8651379712398,12.1212121212121,12.1212121212121,0,12.1212121212121
2015,"MUNICIPIO","1720259",3058,2910,1486,1424,902,1523,485,451,736,237,"0,605","0,699","0,664","0,724",35,0,31,1,12,7,6,4,5,0,0,0,34,17,23,29.5,24.03,7.8,1,0,0,0,0,1,1,3,0,29,0,18,16,14,21,35,0,0,0,0,4,29,1,4,29,1,39,39,40,39,1.84,0,9,2,1,21,34,1,13,0,32,2,0,10,2,7,3,5,1,1,0,0,4,0,0,0,0,0,18,17,0,0,0,0,0,1,33,1,2999,3276,3576,3245.8,436.78,4,28,1,2,33,9.57,1.27,0,35,14,0,0,4,10,0,4,2,2,2,9,5,3,0,0,0,0,0,0,0,0,0,0,0,0,0,0,0,0,0,0,0,0,0,0,0,0,0,1661,NA,47.554347826087,4.57815565729235,0,0,0,0,0,0,0
2015,"MUNICIPIO","1720309",4654,4283,2199,2084,1433,2173,677,702,1049,333,"0,573","0,699","0,664","0,724",83,0,32,1,24,20,19,16,3,0,0,0,82,19,24,29,24.23,6.14,1,0,0,0,2,4,0,2,0,78,0,24,57,25,58,81,2,0,1,0,11,59,8,12,59,8,37.5,39,40,38.85,2.72,0,12,5,7,23,82,1,50,0,80,3,0,13,8,27,9,10,0,1,2,0,9,0,0,0,0,0,48,35,0,0,0,0,0,7,71,5,2925,3260,3500,3230.75,526.88,4,56,11,1,75,9.05,0.92,0,83,16,0,0,0,16,0,4,7,0,5,7,9,0,0,0,0,0,0,0,0,0,0,0,0,0,0,0,0,0,0,0,0,0,0,0,0,0,0,4224,NA,79.1229742612011,3.43790287924366,0,0,0,0,0,0,0
2015,"MUNICIPIO","1720499",4214,4383,2267,2116,1274,2138,971,604,1050,462,"0,643","0,699","0,664","0,724",59,0,50,0,19,19,13,5,2,1,0,0,59,18.5,22,26,23.19,5.84,0,0,0,0,0,2,2,5,0,47,0,19,39,24,35,59,0,0,0,2,11,43,3,13,43,3,38,39,40,38.38,2.48,0,15,1,3,37,58,1,28,0,57,0,0,15,3,13,3,12,0,0,0,0,11,0,0,0,0,0,30,29,0,0,0,0,0,2,54,3,2984,3200,3475,3211.1,583.19,5,43,9,1,58,9.56,1.29,1,57,37,0,0,8,29,1,5,16,1,6,21,16,2,0,0,0,0,1,0,0,0,0,0,0,0,0,0,0,0,0,0,0,0,0,0,0,0,0,2651,NA,56.1904761904762,8.78025628856194,0,0,0,0,0,0,16.9491525423729
2015,"MUNICIPIO","1720655",5345,5068,2655,2413,1429,2496,1143,687,1192,534,"0,675","0,699","0,664","0,724",93,0,75,0,26,27,19,16,4,1,0,0,93,19,22,29,24.03,6.21,0,0,0,0,4,9,4,16,1,70,1,40,52,28,65,88,5,0,0,0,12,72,5,12,72,5,37,38,40,38.45,2.21,0,19,6,8,56,89,4,49,0,90,3,0,9,11,26,9,15,1,1,5,0,12,0,0,0,0,0,49,44,0,0,0,0,0,10,78,5,2944,3205,3560,3159.15,597.08,4,67,10,2,90,9.54,1.39,3,84,30,0,0,3,27,0,7,7,2,11,19,11,2,0,1,1,0,1,0,0,0,0,1,0,0,0,0,0,0,0,0,0,0,0,0,0,0,0,4261,NA,78.0201342281879,5.61272217025257,0,0,0,10.752688172043,10.752688172043,0,21.505376344086
2015,"MUNICIPIO","1720804",9243,9148,4631,4517,2788,4656,1704,1384,2288,845,"0,604","0,699","0,664","0,724",143,0,127,1,37,33,36,26,9,1,0,0,142,19,25,29.5,24.71,6.23,0,0,0,0,5,9,8,2,1,131,0,90,52,52,91,140,3,0,0,1,20,107,15,21,107,15,38,39,40,38.99,2.29,0,23,20,15,81,139,4,68,0,134,8,0,26,16,23,26,23,1,6,3,0,18,0,0,0,0,0,75,68,0,0,0,0,0,18,122,3,2755,3130,3415,3122.17,552.84,14,109,11,1,141,9.18,0.92,3,140,56,0,0,9,47,1,6,17,4,19,40,16,3,0,1,1,0,1,0,1,0,0,0,0,0,0,0,0,0,0,0,0,0,0,0,0,0,0,NA,NA,62.5,6.05863897003138,0,0,0,6.99300699300699,6.99300699300699,0,13.986013986014
2015,"MUNICIPIO","1720853",1900,1742,894,848,523,866,353,259,435,154,"0,667","0,699","0,664","0,724",24,0,18,1,7,7,3,4,1,1,0,0,23,19,23,27,24.17,7.02,0,0,0,0,0,5,2,1,0,20,0,9,15,11,13,24,0,0,0,0,2,18,1,2,18,1,37,39,40,38.43,1.94,0,6,2,1,13,23,1,8,0,24,0,0,7,3,5,1,3,0,0,0,0,2,0,0,0,0,0,12,12,0,0,0,0,0,0,23,1,3173.75,3424,3684,3439.08,350.73,0,17,4,1,22,9.35,1.97,0,23,8,0,0,0,8,0,1,2,1,4,3,5,0,0,1,1,0,0,0,1,0,0,0,0,0,0,0,0,0,0,0,0,0,0,0,0,0,0,1192,NA,55.1724137931034,4.21052631578947,0,0,0,41.6666666666667,41.6666666666667,0,41.6666666666667
2015,"MUNICIPIO","1720903",16238,15051,7884,7167,4310,7855,2886,2036,3726,1405,"0,634","0,699","0,664","0,724",186,0,146,2,51,55,32,33,11,2,0,0,184,19,23,29,24.23,6.44,0,0,0,0,5,11,24,22,3,135,0,58,120,63,123,184,2,0,1,2,14,160,7,17,160,7,38,39,40,38.72,2.2,0,60,22,23,62,52,134,99,0,171,5,0,25,22,52,26,30,3,1,2,0,14,0,0,0,0,0,98,88,0,0,0,0,0,9,169,8,2950,3250,3465,3220.35,439.57,14,146,18,5,180,9.53,1.22,1,179,84,0,0,7,77,2,11,26,4,34,48,36,5,0,2,2,0,0,0,2,0,0,0,0,1,0,0,0,1,0,1,1,0,0,1,0,0,0,14609,NA,49.9194847020934,5.17305086833354,537.634408602151,26.8384326355341,26.8384326355341,10.752688172043,10.752688172043,0,10.752688172043
2015,"MUNICIPIO","1720937",2094,1945,1017,928,632,946,367,313,430,185,"0,601","0,699","0,664","0,724",24,0,23,0,6,6,4,6,2,0,0,0,24,19.5,24,31,25.21,6.85,0,0,0,0,0,3,1,4,0,19,0,8,16,7,17,24,0,0,0,0,3,21,0,3,21,0,37.75,39,39.25,38.54,1.47,0,9,1,2,11,24,0,9,0,24,0,0,2,4,6,7,2,0,0,0,0,3,0,0,0,0,0,13,11,0,0,0,0,0,1,23,0,3071.25,3200,3483.75,3246.04,441.31,2,20,2,0,24,9.71,0.46,0,24,9,0,0,0,9,0,2,4,0,3,6,3,0,0,0,0,0,0,0,0,0,0,0,0,0,0,0,0,0,0,0,0,0,0,0,0,0,0,1585,NA,55.8139534883721,4.29799426934097,0,0,0,0,0,0,0
2015,"MUNICIPIO","1720978",2737,2562,1351,1211,688,1409,465,334,686,191,"0,654","0,699","0,664","0,724",39,0,33,1,11,6,14,5,2,0,0,0,38,19,25,27.5,24.13,6.04,0,0,0,0,2,6,9,0,0,30,0,16,23,20,19,39,0,0,0,0,7,29,1,7,29,1,37,38,39,38.16,2.17,0,6,0,4,26,39,0,16,0,39,0,0,7,6,6,1,10,0,0,0,0,7,0,0,0,0,0,20,19,0,0,0,0,0,1,35,3,3055,3330,3635,3356.05,458.12,0,31,5,0,39,9.51,0.64,0,39,13,0,0,4,9,0,0,7,0,2,8,5,2,0,0,0,0,0,0,0,0,0,0,0,0,0,0,0,0,0,0,0,0,0,0,0,0,0,2737,1053,56.8513119533528,4.74972597734746,0,0,0,0,0,0,0
2015,"MUNICIPIO","1721000",272726,228332,112848,115484,60808,143530,23994,30005,73939,11540,"0,66","0,699","0,664","0,724",5198,0,4968,26,764,1319,1311,1108,555,111,4,0,5172,21,26,31,26.63,6.45,6,0,0,0,589,1089,1084,356,80,3655,7,990,4196,2040,3158,5091,106,3,19,38,432,4671,31,492,4671,31,38,39,40,38.65,2.01,0,993,443,522,3186,111,5087,2180,0,5008,180,5,946,826,957,556,1242,65,80,105,5,406,0,0,0,0,0,2631,2567,0,0,0,0,0,436,4500,262,2920,3235,3545,3199.05,556.07,314,4304,465,30,5137,9.6,0.8,52,5111,977,0,0,225,752,42,191,221,77,221,588,389,94,0,40,31,9,22,3,16,0,0,18,0,6,3,0,0,1,2,4,4,0,1,0,3,0,0,272699,193852,70.3011942276742,3.5823500509669,115.429011158138,8.11479733293661,5.40986488862441,7.69526741054252,5.96383224317045,1.73143516737207,11.9276644863409
2015,"MUNICIPIO","1721000",272726,228332,112848,115484,60808,143530,23994,30005,73939,11540,"0,788","0,699","0,664","0,724",5198,0,4968,26,764,1319,1311,1108,555,111,4,0,5172,21,26,31,26.63,6.45,6,0,0,0,589,1089,1084,356,80,3655,7,990,4196,2040,3158,5091,106,3,19,38,432,4671,31,492,4671,31,38,39,40,38.65,2.01,0,993,443,522,3186,111,5087,2180,0,5008,180,5,946,826,957,556,1242,65,80,105,5,406,0,0,0,0,0,2631,2567,0,0,0,0,0,436,4500,262,2920,3235,3545,3199.05,556.07,314,4304,465,30,5137,9.6,0.8,52,5111,977,0,0,225,752,42,191,221,77,221,588,389,94,0,40,31,9,22,3,16,0,0,18,0,6,3,0,0,1,2,4,4,0,1,0,3,0,0,272699,193852,70.3011942276742,3.5823500509669,115.429011158138,8.11479733293661,5.40986488862441,7.69526741054252,5.96383224317045,1.73143516737207,11.9276644863409
2015,"MUNICIPIO","1721109",7313,6736,3476,3260,2578,3216,942,1243,1568,449,"0,589","0,699","0,664","0,724",212,0,189,10,63,62,44,20,8,5,0,0,202,18,22,27,23.1,6.59,8,0,0,0,2,3,8,2,0,42,160,47,163,52,160,206,6,0,0,1,16,178,17,17,178,17,38,39,40,39.05,2.11,0,68,34,31,72,209,3,135,0,205,6,0,28,19,80,28,33,0,5,6,0,12,0,0,0,0,0,100,112,0,0,0,0,0,10,176,26,3046.25,3357.5,3672.5,3350.25,548.71,10,150,36,2,208,9.41,0.98,4,208,38,0,0,1,37,1,1,10,14,11,18,20,2,0,3,2,1,1,0,1,0,0,0,2,0,0,0,0,0,0,0,0,0,0,0,0,0,0,3174,NA,135.204081632653,5.19622589908382,0,0,0,14.1509433962264,9.43396226415094,4.71698113207547,18.8679245283019
2015,"MUNICIPIO","1721208",23141,22619,11200,11419,6832,11921,3866,3353,6016,2050,"0,681","0,699","0,664","0,724",481,0,368,13,125,125,110,62,35,10,1,0,468,19,24,29,24.4,6.69,11,0,0,0,20,36,50,37,0,260,111,240,233,167,314,470,10,1,0,10,54,367,29,65,367,29,38,39,40,38.67,2.66,0,97,47,60,240,109,372,308,0,439,17,1,99,25,157,23,59,6,8,10,1,52,0,0,0,0,0,233,248,0,0,0,0,0,33,414,34,2950,3250,3520,3229.53,556.66,29,341,56,4,469,9.69,0.78,7,454,139,0,0,22,117,5,18,49,14,31,77,62,12,0,2,1,1,3,0,0,0,0,2,0,2,0,0,0,1,1,1,1,0,0,1,0,0,0,22868,8638,79.9534574468085,6.00665485501923,415.800415800416,33.2446808510638,16.6223404255319,4.15800415800416,2.07900207900208,2.07900207900208,10.3950103950104
2015,"MUNICIPIO","1721257",1782,1574,843,731,452,839,283,216,386,129,"0,67","0,699","0,664","0,724",32,0,26,0,6,8,10,6,1,1,0,0,32,21,26.5,29.25,25.84,6.3,0,0,0,0,0,3,3,0,0,25,0,14,16,9,23,32,0,0,0,0,1,28,3,1,28,3,38,39,39.25,38.94,1.78,0,12,3,7,10,32,0,13,0,32,0,0,7,2,14,1,7,0,0,0,0,1,0,0,0,0,0,15,17,0,0,0,0,0,1,27,4,3100,3354.5,3739,3399.06,514.6,3,22,5,0,32,9,0.76,0,32,5,0,0,1,4,0,0,1,0,3,3,2,0,0,0,0,0,0,0,0,0,0,0,0,0,0,0,0,0,0,0,0,0,0,0,0,0,0,990,NA,82.9015544041451,2.80583613916947,0,0,0,0,0,0,0
2015,"MUNICIPIO","1721307",2461,2097,1087,1010,646,1009,442,323,497,190,"0,587","0,699","0,664","0,724",18,0,16,0,4,6,3,2,3,0,0,0,18,20,21,31,25.11,7.33,1,0,0,0,1,0,0,0,0,17,0,4,13,6,12,18,0,0,0,0,0,16,2,0,16,2,39,39,41,39.53,1.87,0,6,3,2,5,17,1,11,0,17,0,0,3,2,4,2,6,0,0,0,0,0,0,0,0,0,0,7,11,0,0,0,0,0,0,17,1,3049.5,3202,3552.5,3301.11,382.51,0,14,2,0,17,9.12,0.6,0,18,12,0,0,2,10,1,1,4,1,3,9,3,0,0,0,0,0,0,0,0,0,0,0,0,0,0,0,0,0,0,0,0,0,0,0,0,0,0,1220,NA,36.2173038229376,4.87606663957741,0,0,0,0,0,0,0
2015,"MUNICIPIO","1722081",11566,10981,5647,5334,3187,5768,2026,1571,2811,952,"0,638","0,699","0,664","0,724",144,0,134,3,31,42,30,25,10,3,0,0,141,20,24,30,24.9,6.56,0,0,0,0,9,13,14,3,0,127,0,108,34,43,101,143,1,0,0,1,9,132,1,10,132,1,38,39,40,38.82,1.6,0,33,14,33,62,143,1,72,0,135,6,0,18,19,37,17,33,2,3,1,0,10,0,0,0,0,0,82,62,0,0,0,0,0,10,127,7,2890,3285,3636.25,3233.5,518.45,13,115,14,0,143,9.18,0.68,2,142,66,0,0,9,57,1,11,25,3,17,33,33,5,0,0,0,0,0,0,0,0,0,0,0,0,0,0,0,0,0,0,0,0,0,0,0,0,0,9046,NA,51.2273212379936,5.70638077122601,0,0,0,0,0,0,0
2015,"MUNICIPIO","1722107",11709,11484,5907,5577,3282,6246,1956,1559,3025,993,"0,671","0,699","0,664","0,724",235,0,201,3,75,75,45,24,11,2,0,0,232,18,22,27,23.18,6.07,0,0,0,0,10,7,14,12,0,207,0,121,113,83,152,233,2,0,1,3,15,197,10,19,197,10,38,39,40,38.74,2.19,0,70,36,37,82,121,114,100,0,219,5,1,37,33,58,19,43,0,5,2,1,18,0,0,0,0,0,118,117,0,0,0,0,0,13,207,15,2874.5,3175,3500,3188.85,521.46,20,180,22,5,230,8.98,0.81,2,233,88,0,0,11,77,2,7,37,5,26,58,30,7,0,2,2,0,0,0,0,0,0,2,0,1,0,1,0,0,0,1,1,0,0,1,0,0,0,11501,NA,77.6859504132231,7.51558630113588,425.531914893617,33.0578512396694,33.0578512396694,8.51063829787234,8.51063829787234,0,8.51063829787234
