"CODMUNRES","ANO","NIVEL","TO","TORC","TORCR","TO_NN","TO_N","TO_CB_I","TO_CB_N","TO_CB_C","TO_CB_R","TO_CB_O","TO_M","TO_F","TO_F_IF","TO_FT","TO_NT","TO_NT_P","TO_NT_T","TO_PNT","TO_MT_G","TONT_B","TONT_PT","TONT_A","TONT_PD","TONT_I","TO_MT","TO_MT_DG","TO_MT_PT","TO_MT_AB","TO_MT_42","TO_MT_43","TO_MT_P","TO_MT_P_I","TO_MT_P_ES","TO_MT_P_EFI","TO_MT_P_EFII","TO_MT_P_EM","TO_MT_P_ESI","TO_MT_P_ESC"
"17",2015,"UF",7402,0,0,1393,6009,244,1073,2174,639,1879,4465,2932,503,0,219,181,38,108,9,62,3,0,123,5,31,9,2,0,11,9,22,21,1,3,4,10,0,1
"170000",2015,"MUNICIPIO",26,0,0,19,7,1,1,4,0,1,23,3,1,0,0,0,0,0,0,0,0,0,0,0,0,0,0,0,0,0,0,0,0,0,0,0,0,0
"170025",2015,"MUNICIPIO",17,0,0,2,15,1,2,3,4,5,12,5,1,0,0,0,0,0,0,0,0,0,0,0,0,0,0,0,0,0,0,0,0,0,0,0,0,0
"170030",2015,"MUNICIPIO",29,0,0,4,25,0,4,11,1,9,17,12,1,0,1,1,0,0,0,1,0,0,0,0,0,0,0,0,0,0,0,0,0,0,0,0,0,0
"170035",2015,"MUNICIPIO",29,0,0,1,28,1,5,12,2,8,18,11,1,0,1,1,0,0,0,0,0,0,1,0,0,0,0,0,0,0,0,0,0,0,0,0,0,0
"170040",2015,"MUNICIPIO",46,0,0,5,41,4,7,12,4,14,27,19,6,0,4,4,0,1,0,0,0,0,4,0,0,0,0,0,0,0,0,0,0,0,0,0,0,0
"170070",2015,"MUNICIPIO",64,0,0,20,44,2,9,13,3,17,38,26,5,0,3,2,1,1,0,1,0,0,1,0,1,0,0,0,0,1,0,0,0,0,0,0,0,0
"170100",2015,"MUNICIPIO",57,0,0,6,51,3,9,26,3,10,34,22,3,0,1,1,0,2,0,0,0,0,1,0,0,0,0,0,0,0,0,0,0,0,0,0,0,0
"170105",2015,"MUNICIPIO",18,0,0,0,18,4,2,5,3,4,11,7,1,0,0,0,0,0,0,0,0,0,0,0,0,0,0,0,0,0,0,0,0,0,0,0,0,0
"170110",2015,"MUNICIPIO",20,0,0,4,16,0,2,7,1,6,10,10,2,0,1,0,1,0,0,0,0,0,1,0,0,0,0,0,0,0,0,0,0,0,0,0,0,0
"170130",2015,"MUNICIPIO",20,0,0,3,17,0,5,5,1,6,9,11,0,0,0,0,0,0,0,0,0,0,0,0,0,0,0,0,0,0,0,0,0,0,0,0,0,0
"170190",2015,"MUNICIPIO",20,0,0,3,17,0,3,7,1,6,13,7,2,0,2,1,1,0,0,0,0,0,2,0,0,0,0,0,0,0,0,0,0,0,0,0,0,0
"170200",2015,"MUNICIPIO",45,0,0,6,39,0,4,15,3,17,28,17,1,0,1,1,0,0,0,0,0,0,1,0,1,0,0,0,1,0,1,1,0,0,0,1,0,0
"170210",2015,"MUNICIPIO",912,0,0,199,713,24,154,261,76,198,570,341,60,0,25,22,3,10,0,7,0,0,17,0,4,0,1,0,1,2,2,2,0,0,0,2,0,0
"170215",2015,"MUNICIPIO",27,0,0,3,24,0,4,10,1,9,16,11,2,0,1,1,0,0,0,0,0,0,1,0,0,0,0,0,0,0,0,0,0,0,0,0,0,0
"170220",2015,"MUNICIPIO",166,0,0,27,139,7,16,55,13,48,107,59,5,0,7,6,1,1,0,0,0,0,7,0,0,0,0,0,0,0,0,0,0,0,0,0,0,0
"170230",2015,"MUNICIPIO",32,0,0,4,28,1,3,13,3,8,18,14,4,0,1,1,0,0,0,0,0,0,1,0,0,0,0,0,0,0,0,0,0,0,0,0,0,0
"170240",2015,"MUNICIPIO",64,0,0,9,55,2,10,14,5,24,36,28,4,0,2,2,0,0,0,1,0,0,1,0,0,0,0,0,0,0,0,0,0,0,0,0,0,0
"170255",2015,"MUNICIPIO",83,0,0,14,69,1,12,35,3,18,42,41,8,0,4,4,0,1,0,0,0,0,4,0,0,0,0,0,0,0,0,0,0,0,0,0,0,0
"170270",2015,"MUNICIPIO",19,0,0,3,16,1,3,7,2,3,15,4,2,0,0,0,0,1,0,0,0,0,0,0,0,0,0,0,0,0,0,0,0,0,0,0,0,0
"170290",2015,"MUNICIPIO",57,0,0,7,50,4,11,14,7,14,29,28,4,0,2,2,0,2,0,0,0,0,2,0,0,0,0,0,0,0,0,0,0,0,0,0,0,0
"170300",2015,"MUNICIPIO",47,0,0,7,40,2,3,17,7,11,32,15,4,0,3,2,1,0,0,0,0,0,3,0,0,0,0,0,0,0,0,0,0,0,0,0,0,0
"170305",2015,"MUNICIPIO",24,0,0,4,20,1,4,9,1,5,14,10,2,0,1,1,0,0,0,0,0,0,1,0,0,0,0,0,0,0,0,0,0,0,0,0,0,0
"170307",2015,"MUNICIPIO",23,0,0,2,21,1,3,10,0,7,15,8,2,0,1,1,0,0,0,0,0,0,1,0,0,0,0,0,0,0,0,0,0,0,0,0,0,0
"170310",2015,"MUNICIPIO",28,0,0,6,22,0,3,15,1,3,16,12,4,0,0,0,0,0,0,0,0,0,0,0,0,0,0,0,0,0,0,0,0,0,0,0,0,0
"170320",2015,"MUNICIPIO",22,0,0,6,16,0,2,7,2,5,13,9,2,0,0,0,0,1,0,0,0,0,0,0,0,0,0,0,0,0,0,0,0,0,0,0,0,0
"170330",2015,"MUNICIPIO",22,0,0,5,17,1,3,6,1,6,9,13,4,0,0,0,0,1,0,0,0,0,0,0,0,0,0,0,0,0,0,0,0,0,0,0,0,0
"170360",2015,"MUNICIPIO",7,0,0,3,4,0,0,2,0,2,4,3,0,0,0,0,0,0,0,0,0,0,0,0,0,0,0,0,0,0,0,0,0,0,0,0,0,0
"170370",2015,"MUNICIPIO",34,0,0,6,28,3,1,14,1,9,18,16,5,0,0,0,0,0,1,0,0,0,0,0,1,1,0,0,0,0,1,1,0,1,0,0,0,0
"170380",2015,"MUNICIPIO",59,0,0,9,50,3,6,27,3,11,36,23,5,0,1,1,0,0,1,0,0,0,1,0,1,1,0,0,0,0,1,1,0,0,1,0,0,0
"170382",2015,"MUNICIPIO",10,0,0,1,9,0,1,4,1,3,5,5,1,0,0,0,0,0,0,0,0,0,0,0,0,0,0,0,0,0,0,0,0,0,0,0,0,0
"170384",2015,"MUNICIPIO",32,0,0,7,25,0,3,10,2,10,14,18,3,0,3,1,2,1,0,2,0,0,1,0,1,0,0,0,1,0,1,1,0,0,0,0,0,0
"170386",2015,"MUNICIPIO",15,0,0,2,13,1,2,2,3,5,9,6,1,0,0,0,0,0,0,0,0,0,0,0,0,0,0,0,0,0,0,0,0,0,0,0,0,0
"170388",2015,"MUNICIPIO",12,0,0,1,11,0,1,6,1,3,10,2,0,0,0,0,0,0,0,0,0,0,0,0,0,0,0,0,0,0,0,0,0,0,0,0,0,0
"170389",2015,"MUNICIPIO",20,0,0,2,18,1,2,7,3,5,12,8,1,0,1,1,0,0,1,1,0,0,0,0,1,1,0,0,0,0,1,1,0,0,0,1,0,0
"170390",2015,"MUNICIPIO",20,0,0,2,18,2,5,5,2,4,11,9,0,0,1,1,0,0,0,1,0,0,0,0,0,0,0,0,0,0,0,0,0,0,0,0,0,0
"170410",2015,"MUNICIPIO",10,0,0,1,9,1,1,5,0,2,4,6,0,0,0,0,0,0,0,0,0,0,0,0,0,0,0,0,0,0,0,0,0,0,0,0,0,0
"170460",2015,"MUNICIPIO",12,0,0,1,11,1,1,2,1,6,7,5,0,0,0,0,0,0,0,0,0,0,0,0,0,0,0,0,0,0,0,0,0,0,0,0,0,0
"170510",2015,"MUNICIPIO",16,0,0,3,13,0,4,2,0,7,8,8,0,0,2,1,1,0,0,1,0,0,1,0,0,0,0,0,0,0,0,0,0,0,0,0,0,0
"170550",2015,"MUNICIPIO",158,0,0,20,138,2,29,53,17,37,88,70,13,0,6,5,1,0,0,1,0,0,5,0,0,0,0,0,0,0,0,0,0,0,0,0,0,0
"170555",2015,"MUNICIPIO",30,0,0,1,29,1,2,11,3,12,16,14,2,0,1,0,1,1,0,1,0,0,0,0,0,0,0,0,0,0,0,0,0,0,0,0,0,0
"170560",2015,"MUNICIPIO",18,0,0,3,15,0,4,4,1,6,10,8,2,0,2,2,0,0,0,1,0,0,1,0,0,0,0,0,0,0,0,0,0,0,0,0,0,0
"170600",2015,"MUNICIPIO",27,0,0,3,24,2,6,6,4,6,17,10,3,0,1,1,0,0,0,0,0,0,0,0,0,0,0,0,0,0,0,0,0,0,0,0,0,0
"170610",2015,"MUNICIPIO",47,0,0,8,39,0,7,11,11,10,29,18,1,0,0,0,0,0,0,0,0,0,0,0,0,0,0,0,0,0,0,0,0,0,0,0,0,0
"170625",2015,"MUNICIPIO",9,0,0,2,7,0,3,2,0,2,6,3,1,0,0,0,0,0,0,0,0,0,0,0,0,0,0,0,0,0,0,0,0,0,0,0,0,0
"170650",2015,"MUNICIPIO",25,0,0,4,21,1,0,6,2,12,19,6,1,0,0,0,0,1,0,0,0,0,0,0,0,0,0,0,0,0,0,0,0,0,0,0,0,0
"170700",2015,"MUNICIPIO",106,0,0,20,86,5,13,36,7,25,66,40,6,0,0,0,0,3,0,0,0,0,0,0,1,0,0,0,0,1,0,0,0,0,0,0,0,0
"170710",2015,"MUNICIPIO",30,0,0,3,27,1,10,8,2,6,19,11,2,0,1,1,0,0,0,0,0,0,1,0,0,0,0,0,0,0,0,0,0,0,0,0,0,0
"170720",2015,"MUNICIPIO",30,0,0,5,25,3,5,11,2,4,19,11,0,0,1,1,0,2,0,0,0,0,1,0,0,0,0,0,0,0,0,0,0,0,0,0,0,0
"170730",2015,"MUNICIPIO",26,0,0,7,19,0,4,8,1,6,20,6,3,0,0,0,0,0,0,0,0,0,0,0,0,0,0,0,0,0,0,0,0,0,0,0,0,0
"170740",2015,"MUNICIPIO",53,0,0,12,41,3,3,13,1,21,31,22,4,0,3,3,0,1,0,2,0,0,1,0,0,0,0,0,0,0,0,0,0,0,0,0,0,0
"170755",2015,"MUNICIPIO",22,0,0,7,15,1,5,3,1,5,13,9,0,0,0,0,0,0,0,0,0,0,0,0,0,0,0,0,0,0,0,0,0,0,0,0,0,0
"170765",2015,"MUNICIPIO",45,0,0,9,36,0,5,9,4,18,27,18,2,0,2,2,0,0,0,0,0,0,1,0,0,0,0,0,0,0,0,0,0,0,0,0,0,0
"170770",2015,"MUNICIPIO",43,0,0,8,35,2,3,18,4,8,23,20,1,0,1,0,1,2,0,0,0,0,1,0,0,0,0,0,0,0,0,0,0,0,0,0,0,0
"170820",2015,"MUNICIPIO",97,0,0,20,77,1,9,26,8,33,61,35,4,0,4,4,0,2,0,1,0,0,2,1,0,0,0,0,0,0,0,0,0,0,0,0,0,0
"170825",2015,"MUNICIPIO",13,0,0,3,10,2,2,3,0,3,11,2,1,0,0,0,0,0,0,0,0,0,0,0,0,0,0,0,0,0,0,0,0,0,0,0,0,0
"170830",2015,"MUNICIPIO",20,0,0,2,18,0,3,7,1,7,16,4,0,0,0,0,0,0,0,0,0,0,0,0,0,0,0,0,0,0,0,0,0,0,0,0,0,0
"170900",2015,"MUNICIPIO",63,0,0,9,54,6,3,23,8,14,35,28,2,0,3,1,2,2,0,1,0,0,0,2,0,0,0,0,0,0,0,0,0,0,0,0,0,0
"170930",2015,"MUNICIPIO",120,0,0,31,89,3,19,37,8,22,73,47,8,0,0,0,0,2,0,0,0,0,0,0,0,0,0,0,0,0,0,0,0,0,0,0,0,0
"170950",2015,"MUNICIPIO",430,0,0,99,331,19,59,107,40,106,269,161,25,0,9,7,2,5,1,2,1,0,4,0,2,1,0,0,1,0,2,2,0,0,0,1,0,0
"170980",2015,"MUNICIPIO",11,0,0,2,9,1,4,2,2,0,8,3,0,0,0,0,0,0,0,0,0,0,0,0,0,0,0,0,0,0,0,0,0,0,0,0,0,0
"171050",2015,"MUNICIPIO",39,0,0,11,28,0,4,8,8,8,26,13,2,0,1,1,0,0,0,0,0,0,1,0,0,0,0,0,0,0,0,0,0,0,0,0,0,0
"171070",2015,"MUNICIPIO",29,0,0,2,27,0,6,7,5,9,10,19,1,0,0,0,0,2,0,0,0,0,0,0,0,0,0,0,0,0,0,0,0,0,0,0,0,0
"171090",2015,"MUNICIPIO",21,0,0,0,21,1,3,12,1,4,9,12,1,0,0,0,0,0,0,0,0,0,0,0,0,0,0,0,0,0,0,0,0,0,0,0,0,0
"171110",2015,"MUNICIPIO",13,0,0,2,11,0,3,2,3,3,9,4,0,0,0,0,0,0,0,0,0,0,0,0,0,0,0,0,0,0,0,0,0,0,0,0,0,0
"171150",2015,"MUNICIPIO",13,0,0,1,12,0,4,5,0,3,10,3,0,0,1,1,0,0,0,1,0,0,0,0,0,0,0,0,0,0,0,0,0,0,0,0,0,0
"171180",2015,"MUNICIPIO",9,0,0,2,7,0,1,2,2,2,5,4,1,0,0,0,0,0,0,0,0,0,0,0,0,0,0,0,0,0,0,0,0,0,0,0,0,0
"171190",2015,"MUNICIPIO",52,0,0,17,35,2,4,12,2,15,33,19,6,0,0,0,0,3,1,0,0,0,0,0,2,1,0,0,1,0,2,2,0,1,0,1,0,0
"171195",2015,"MUNICIPIO",14,0,0,6,8,0,2,3,1,2,10,4,0,0,0,0,0,0,0,0,0,0,0,0,0,0,0,0,0,0,0,0,0,0,0,0,0,0
"171200",2015,"MUNICIPIO",23,0,0,5,18,0,1,9,1,7,15,8,2,0,1,1,0,0,0,0,0,0,0,0,0,0,0,0,0,0,0,0,0,0,0,0,0,0
"171215",2015,"MUNICIPIO",7,0,0,0,7,0,1,4,0,2,4,3,0,0,1,1,0,0,0,0,0,0,0,0,0,0,0,0,0,0,0,0,0,0,0,0,0,0
"171240",2015,"MUNICIPIO",11,0,0,0,11,2,1,3,0,5,5,6,0,0,0,0,0,1,0,0,0,0,0,0,0,0,0,0,0,0,0,0,0,0,0,0,0,0
"171245",2015,"MUNICIPIO",14,0,0,1,13,0,3,5,0,5,5,9,1,0,0,0,0,0,0,0,0,0,0,0,0,0,0,0,0,0,0,0,0,0,0,0,0,0
"171250",2015,"MUNICIPIO",23,0,0,3,20,0,6,7,0,7,17,6,1,0,0,0,0,4,0,0,0,0,0,0,0,0,0,0,0,0,0,0,0,0,0,0,0,0
"171270",2015,"MUNICIPIO",5,0,0,1,4,0,0,2,1,1,5,0,0,0,0,0,0,0,0,0,0,0,0,0,0,0,0,0,0,0,0,0,0,0,0,0,0,0
"171280",2015,"MUNICIPIO",16,0,0,1,15,0,4,4,2,5,7,9,2,0,0,0,0,0,0,0,0,0,0,0,1,0,0,0,1,0,1,1,0,0,0,1,0,0
"171320",2015,"MUNICIPIO",101,0,0,15,86,4,21,28,9,24,60,41,7,0,3,2,1,2,0,0,1,0,1,0,0,0,0,0,0,0,0,0,0,0,0,0,0,0
"171330",2015,"MUNICIPIO",86,0,0,15,71,1,15,23,8,24,49,37,1,0,4,4,0,1,0,1,0,0,1,0,0,0,0,0,0,0,0,0,0,0,0,0,0,0
"171360",2015,"MUNICIPIO",31,0,0,6,25,0,5,6,5,9,23,8,1,0,1,1,0,1,0,0,0,0,1,0,0,0,0,0,0,0,0,0,0,0,0,0,0,0
"171370",2015,"MUNICIPIO",17,0,0,7,10,1,1,4,1,3,10,7,3,0,0,0,0,0,0,0,0,0,0,0,1,0,0,0,1,0,1,1,0,0,0,0,0,1
"171380",2015,"MUNICIPIO",20,0,0,5,15,1,2,4,2,6,13,7,1,0,0,0,0,0,0,0,0,0,0,0,0,0,0,0,0,0,0,0,0,0,0,0,0,0
"171395",2015,"MUNICIPIO",18,0,0,1,17,0,1,6,2,8,7,11,0,0,2,1,1,1,0,2,0,0,0,0,0,0,0,0,0,0,0,0,0,0,0,0,0,0
"171420",2015,"MUNICIPIO",54,0,0,5,49,3,9,14,9,14,31,23,5,0,2,2,0,3,0,0,0,0,2,0,0,0,0,0,0,0,0,0,0,0,0,0,0,0
"171430",2015,"MUNICIPIO",17,0,0,3,14,0,3,5,0,6,11,6,0,0,0,0,0,0,0,0,0,0,0,0,0,0,0,0,0,0,0,0,0,0,0,0,0,0
"171488",2015,"MUNICIPIO",64,0,0,15,49,0,7,21,3,18,34,30,6,0,2,2,0,0,0,1,0,0,1,0,0,0,0,0,0,0,0,0,0,0,0,0,0,0
"171500",2015,"MUNICIPIO",21,0,0,3,18,0,5,7,2,4,9,12,1,0,0,0,0,0,0,0,0,0,0,0,0,0,0,0,0,0,0,0,0,0,0,0,0,0
"171510",2015,"MUNICIPIO",28,0,0,4,24,0,1,6,6,11,14,14,2,0,0,0,0,2,0,0,0,0,0,0,0,0,0,0,0,0,0,0,0,0,0,0,0,0
"171515",2015,"MUNICIPIO",12,0,0,0,12,0,2,5,1,4,6,6,1,0,0,0,0,0,0,0,0,0,0,0,0,0,0,0,0,0,0,0,0,0,0,0,0,0
"171525",2015,"MUNICIPIO",10,0,0,1,9,1,2,5,1,0,8,2,1,0,0,0,0,0,0,0,0,0,0,0,0,0,0,0,0,0,0,0,0,0,0,0,0,0
"171550",2015,"MUNICIPIO",6,0,0,2,4,0,1,1,0,2,3,3,1,0,0,0,0,0,0,0,0,0,0,0,0,0,0,0,0,0,0,0,0,0,0,0,0,0
"171570",2015,"MUNICIPIO",28,0,0,8,20,2,3,9,2,4,20,8,1,0,0,0,0,0,0,0,0,0,0,0,0,0,0,0,0,0,0,0,0,0,0,0,0,0
"171575",2015,"MUNICIPIO",31,0,0,5,26,1,3,8,4,10,15,16,3,0,2,2,0,0,0,0,0,0,2,0,1,0,0,0,0,1,0,0,0,0,0,0,0,0
"171610",2015,"MUNICIPIO",261,0,0,57,204,8,43,58,27,68,144,117,18,0,10,9,1,5,0,6,0,0,3,0,1,0,0,0,1,0,1,1,1,0,0,0,0,0
"171620",2015,"MUNICIPIO",51,0,0,10,41,1,11,17,2,10,33,18,2,0,1,1,0,0,0,0,0,0,0,0,0,0,0,0,0,0,0,0,0,0,0,0,0,0
"171630",2015,"MUNICIPIO",19,0,0,3,16,0,4,8,0,4,14,5,1,0,0,0,0,0,0,0,0,0,0,0,0,0,0,0,0,0,0,0,0,0,0,0,0,0
"171650",2015,"MUNICIPIO",72,0,0,8,64,0,4,28,7,25,36,36,8,0,2,2,0,0,0,0,1,0,1,0,0,0,0,0,0,0,0,0,0,0,0,0,0,0
"171660",2015,"MUNICIPIO",47,0,0,11,36,0,7,11,4,14,32,14,4,0,2,1,1,0,0,0,0,0,2,0,0,0,0,0,0,0,0,0,0,0,0,0,0,0
"171665",2015,"MUNICIPIO",23,0,0,3,20,0,6,8,0,6,13,10,0,0,0,0,0,1,0,0,0,0,0,0,0,0,0,0,0,0,0,0,0,0,0,0,0,0
"171670",2015,"MUNICIPIO",66,0,0,9,57,1,8,19,9,20,40,26,4,0,0,0,0,1,0,0,0,0,0,0,0,0,0,0,0,0,0,0,0,0,0,0,0,0
"171700",2015,"MUNICIPIO",17,0,0,5,12,2,0,3,2,5,9,8,1,0,1,1,0,0,0,0,0,0,1,0,0,0,0,0,0,0,0,0,0,0,0,0,0,0
"171720",2015,"MUNICIPIO",3,0,0,2,1,0,0,1,0,0,2,1,0,0,0,0,0,0,0,0,0,0,0,0,0,0,0,0,0,0,0,0,0,0,0,0,0,0
"171750",2015,"MUNICIPIO",31,0,0,3,28,2,6,12,1,7,23,8,1,0,0,0,0,0,0,0,0,0,0,0,0,0,0,0,0,0,0,0,0,0,0,0,0,0
"171780",2015,"MUNICIPIO",21,0,0,2,19,0,1,9,1,8,12,9,0,0,0,0,0,0,0,0,0,0,0,0,0,0,0,0,0,0,0,0,0,0,0,0,0,0
"171790",2015,"MUNICIPIO",39,0,0,5,34,0,4,14,6,10,26,13,2,0,1,0,1,0,0,0,0,0,1,0,0,0,0,0,0,0,0,0,0,0,0,0,0,0
"171800",2015,"MUNICIPIO",10,0,0,1,9,2,1,4,1,1,6,4,0,0,0,0,0,0,0,0,0,0,0,0,0,0,0,0,0,0,0,0,0,0,0,0,0,0
"171820",2015,"MUNICIPIO",321,0,0,73,248,16,26,92,45,69,201,119,21,0,7,6,1,3,0,1,0,0,4,0,0,0,0,0,0,0,0,0,0,0,0,0,0,0
"171830",2015,"MUNICIPIO",43,0,0,5,38,0,5,21,2,10,23,20,3,0,2,2,0,0,0,0,0,0,2,0,1,0,0,0,0,1,0,0,0,0,0,0,0,0
"171840",2015,"MUNICIPIO",26,0,0,4,22,0,2,11,2,7,18,8,0,0,1,1,0,0,0,0,0,0,1,0,0,0,0,0,0,0,0,0,0,0,0,0,0,0
"171845",2015,"MUNICIPIO",15,0,0,2,13,1,1,5,1,5,9,6,3,0,0,0,0,0,0,0,0,0,0,0,0,0,0,0,0,0,0,0,0,0,0,0,0,0
"171850",2015,"MUNICIPIO",19,0,0,3,16,1,2,7,0,6,15,4,1,0,2,1,1,0,0,0,0,0,2,0,0,0,0,0,0,0,0,0,0,0,0,0,0,0
"171855",2015,"MUNICIPIO",22,0,0,2,20,1,4,6,2,7,16,6,2,0,0,0,0,0,0,0,0,0,0,0,0,0,0,0,0,0,0,0,0,0,0,0,0,0
"171865",2015,"MUNICIPIO",8,0,0,1,7,0,1,4,0,2,3,5,0,0,0,0,0,0,0,0,0,0,0,0,0,0,0,0,0,0,0,0,0,0,0,0,0,0
"171870",2015,"MUNICIPIO",13,0,0,3,10,1,3,4,1,1,5,8,1,0,0,0,0,1,0,0,0,0,0,0,0,0,0,0,0,0,0,0,0,0,0,0,0,0
"171875",2015,"MUNICIPIO",25,0,0,4,21,0,2,6,1,12,16,9,0,0,4,3,1,1,0,1,0,0,2,0,0,0,0,0,0,0,0,0,0,0,0,0,0,0
"171880",2015,"MUNICIPIO",19,0,0,0,19,1,3,7,3,5,10,9,0,0,0,0,0,2,0,0,0,0,0,0,0,0,0,0,0,0,0,0,0,0,0,0,0,0
"171884",2015,"MUNICIPIO",25,0,0,3,22,0,3,5,2,12,17,8,2,0,0,0,0,0,0,0,0,0,0,0,0,0,0,0,0,0,0,0,0,0,0,0,0,0
"171886",2015,"MUNICIPIO",32,0,0,5,27,0,3,13,2,9,22,10,1,0,3,2,1,0,0,2,0,0,0,0,0,0,0,0,0,0,0,0,0,0,0,0,0,0
"171888",2015,"MUNICIPIO",12,0,0,2,10,0,3,3,3,1,7,5,1,0,0,0,0,1,0,0,0,0,0,0,0,0,0,0,0,0,0,0,0,0,0,0,0,0
"171889",2015,"MUNICIPIO",7,0,0,2,5,0,0,4,0,1,6,1,0,0,1,1,0,0,0,1,0,0,0,0,0,0,0,0,0,0,0,0,0,0,0,0,0,0
"171890",2015,"MUNICIPIO",29,0,0,7,22,2,3,11,2,4,18,11,4,0,1,1,0,1,0,0,0,0,1,0,0,0,0,0,0,0,0,0,0,0,0,0,0,0
"171900",2015,"MUNICIPIO",18,0,0,4,14,1,2,4,2,5,10,8,2,0,2,2,0,0,0,0,0,0,0,0,0,0,0,0,0,0,0,0,0,0,0,0,0,0
"172000",2015,"MUNICIPIO",18,0,0,2,16,0,3,5,2,6,12,6,2,0,1,1,0,0,0,0,0,0,1,0,0,0,0,0,0,0,0,0,0,0,0,0,0,0
"172010",2015,"MUNICIPIO",22,0,0,5,17,1,2,4,4,6,17,5,0,0,0,0,0,0,0,0,0,0,0,0,0,0,0,0,0,0,0,0,0,0,0,0,0,0
"172015",2015,"MUNICIPIO",10,0,0,0,10,0,2,4,0,4,6,4,0,0,1,1,0,0,0,0,0,0,0,0,0,0,0,0,0,0,0,0,0,0,0,0,0,0
"172020",2015,"MUNICIPIO",46,0,0,9,37,2,6,11,4,14,28,18,3,0,2,2,0,0,1,1,0,0,1,0,1,1,0,0,0,0,1,0,0,0,0,0,0,0
"172025",2015,"MUNICIPIO",14,0,0,4,10,0,4,2,2,2,9,5,3,0,0,0,0,0,0,0,0,0,0,0,0,0,0,0,0,0,0,0,0,0,0,0,0,0
"172030",2015,"MUNICIPIO",16,0,0,0,16,0,4,7,0,5,7,9,0,0,0,0,0,0,0,0,0,0,0,0,0,0,0,0,0,0,0,0,0,0,0,0,0,0
"172049",2015,"MUNICIPIO",37,0,0,8,29,1,5,16,1,6,21,16,2,0,0,0,0,1,0,0,0,0,0,0,0,0,0,0,0,0,0,0,0,0,0,0,0,0
"172065",2015,"MUNICIPIO",30,0,0,3,27,0,7,7,2,11,19,11,2,0,1,1,0,1,0,0,0,0,1,0,0,0,0,0,0,0,0,0,0,0,0,0,0,0
"172080",2015,"MUNICIPIO",56,0,0,9,47,1,6,17,4,19,40,16,3,0,1,1,0,1,0,1,0,0,0,0,0,0,0,0,0,0,0,0,0,0,0,0,0,0
"172085",2015,"MUNICIPIO",8,0,0,0,8,0,1,2,1,4,3,5,0,0,1,1,0,0,0,1,0,0,0,0,0,0,0,0,0,0,0,0,0,0,0,0,0,0
"172090",2015,"MUNICIPIO",84,0,0,7,77,2,11,26,4,34,48,36,5,0,2,2,0,0,0,2,0,0,0,0,1,0,0,0,1,0,1,1,0,0,1,0,0,0
"172093",2015,"MUNICIPIO",9,0,0,0,9,0,2,4,0,3,6,3,0,0,0,0,0,0,0,0,0,0,0,0,0,0,0,0,0,0,0,0,0,0,0,0,0,0
"172097",2015,"MUNICIPIO",13,0,0,4,9,0,0,7,0,2,8,5,2,0,0,0,0,0,0,0,0,0,0,0,0,0,0,0,0,0,0,0,0,0,0,0,0,0
"172100",2015,"MUNICIPIO",977,0,0,225,752,42,191,221,77,221,588,389,94,0,40,31,9,22,3,16,0,0,18,0,6,3,0,0,1,2,4,4,0,1,0,3,0,0
"172110",2015,"MUNICIPIO",38,0,0,1,37,1,1,10,14,11,18,20,2,0,3,2,1,1,0,1,0,0,0,2,0,0,0,0,0,0,0,0,0,0,0,0,0,0
"172120",2015,"MUNICIPIO",139,0,0,22,117,5,18,49,14,31,77,62,12,0,2,1,1,3,0,0,0,0,2,0,2,0,0,0,1,1,1,1,0,0,1,0,0,0
"172125",2015,"MUNICIPIO",5,0,0,1,4,0,0,1,0,3,3,2,0,0,0,0,0,0,0,0,0,0,0,0,0,0,0,0,0,0,0,0,0,0,0,0,0,0
"172130",2015,"MUNICIPIO",12,0,0,2,10,1,1,4,1,3,9,3,0,0,0,0,0,0,0,0,0,0,0,0,0,0,0,0,0,0,0,0,0,0,0,0,0,0
"172208",2015,"MUNICIPIO",66,0,0,9,57,1,11,25,3,17,33,33,5,0,0,0,0,0,0,0,0,0,0,0,0,0,0,0,0,0,0,0,0,0,0,0,0,0
"172210",2015,"MUNICIPIO",88,0,0,11,77,2,7,37,5,26,58,30,7,0,2,2,0,0,0,0,0,0,2,0,1,0,1,0,0,0,1,1,0,0,1,0,0,0
