"ANO","NIVEL","CODMUNRES","TN","TNRC","TNRCR","TGI_15","TGI_15_19","TGI_20_24","TGI_25_29","TGI_30_34","TGI_35_39","TGI_40_44","TGI_45_49","TGI_50","TGIF","IM_P25","IM_P50","IM_P75","IM_MD","IM_DP","EM_S","EM_FI","EM_FII","EM_M","EM_SI","EM_SC","TGRC_B","TGRC_PT","TGRC_A","TGRC_PD","TGRC_I","TGSC","TGCC","TGPRI","TGNPRI","TGU","TGG","TGD_22","TGD_22_27","TGD_28_31","TGD_32_36","TGD_37_41","TGD_42","TGD_PRT","TGD_AT","TGD_PST","DG_P25","DG_P50","DG_P75","DG_MD","DG_DP","TKC_NR","TKC_ID","TKC_IT","TKC_AD","TKC_MAD","TGPRG_S","TGPRG_N","TPV","TPC","TRAP_C","TRAP_P","TRAP_T","TGROB_1","TGROB_2","TGROB_3","TGROB_4","TGROB_5","TGROB_6","TGROB_7","TGROB_8","TGROB_9","TGROB_10","TNLOC_H","TNLOC_ES","TNLOC_D","TNLOC_O","TNLOC_AI","TRS_M","TRS_F","TRRC_B","TRRC_PT","TRRC_A","TRRC_PD","TRRC_I","TRP_BP","TRP_N","TRP_M","PESO_P25","PESO_P50","PESO_P75","PESO_MD","PESO_DP","TRPIG_P","TRPIG_A","TRPIG_G","TRAPG5_B","TRAPG5_N","APG5_MD","APG5_DP","TRAC","TRSAC"
"2015","UF","17",25110,0,21816,315,5477,6959,5912,4156,1901,367,21,2,24793,20,24,30,25.04,6.45,131,0,0,0,1586,3017,3130,1258,170,19586,555,9469,15389,9203,15907,24627,447,11,85,256,2299,21200,875,2651,21200,875,38,39,40,38.65,2.19,0,5494,2256,2937,13138,11304,13806,11727,0,24077,781,38,4695,3088,5643,2681,5057,258,398,456,38,2227,0,0,0,0,0,12772,12335,0,0,0,0,0,1861,21873,1373,2937,3245,3550,3215.78,543.48,1580,19605,2649,240,24404,9.43,0.89,246,24652
"2015","MUNICIPIO","170000",4,0,1,0,0,1,3,0,0,0,0,0,4,23.75,26,27.25,25,3.56,0,0,0,0,0,0,1,0,0,1,0,1,3,0,4,4,0,0,0,0,1,3,0,1,3,0,37.5,38.5,39,38,1.41,0,0,1,0,2,4,0,0,0,3,0,0,0,0,1,0,1,0,0,0,0,1,0,0,0,0,0,1,3,0,0,0,0,0,0,4,0,3452.5,3650,3735,3537.5,302.59,0,3,1,0,4,9.5,0.58,0,4
"2015","MUNICIPIO","170025",30,0,28,1,6,12,5,3,3,0,0,0,29,20,22,28,24,6.7,0,0,0,0,1,3,3,1,0,25,0,9,21,12,18,30,0,0,0,0,3,24,3,3,24,3,38,39,40,38.93,1.74,0,10,6,4,10,29,1,21,0,28,2,0,9,2,10,1,4,1,1,0,0,2,0,0,0,0,0,16,14,0,0,0,0,0,1,26,3,3272.5,3420,3680,3413.13,577.8,1,24,4,0,30,9.7,0.75,0,30
"2015","MUNICIPIO","170030",77,0,65,0,22,23,13,17,2,0,0,0,77,19,23,29,24.16,5.93,1,0,0,0,1,6,5,4,0,63,1,51,23,28,49,75,2,0,1,0,3,71,2,4,71,2,38,39.5,40,39.16,2.03,0,14,5,14,43,77,0,41,0,73,1,0,16,11,18,5,18,0,0,2,0,4,0,0,0,0,0,40,37,0,0,0,0,0,2,70,5,3000,3190,3430,3221.83,422.57,6,58,9,1,76,9.49,0.75,1,74
"2015","MUNICIPIO","170035",71,0,55,2,22,16,14,8,8,1,0,0,69,18.5,22,29,24.35,7.31,0,0,0,0,4,3,3,4,4,59,0,26,44,27,44,67,4,0,2,0,9,54,4,11,54,4,37,39,40,38.14,3.39,0,18,3,4,41,71,0,30,0,68,3,0,14,6,13,9,14,1,1,4,0,7,0,0,0,0,0,43,28,0,0,0,0,0,7,57,7,2894,3160,3627.5,3179.27,685.79,6,45,12,1,70,9.58,1.25,0,68
"2015","MUNICIPIO","170040",108,0,102,1,36,23,20,18,7,3,0,0,107,19,23,30,24.31,6.76,1,0,0,0,3,6,3,17,1,86,0,42,65,34,74,108,0,0,0,2,11,89,3,13,89,3,38,39,40,38.48,1.98,0,28,8,3,65,106,2,59,0,106,1,0,18,11,24,20,19,0,1,0,0,12,0,0,0,0,0,62,46,0,0,0,0,0,11,91,6,2922.5,3170,3545,3193.88,541.94,9,82,14,2,105,9.42,1.3,1,107
"2015","MUNICIPIO","170070",122,0,108,1,20,33,27,25,13,3,0,0,121,21,25.5,31.75,26.39,6.67,0,0,0,0,7,14,27,3,1,89,0,31,88,39,83,122,0,0,2,2,11,94,11,15,94,11,38,39,40,38.38,2.85,0,23,5,6,84,121,1,49,0,119,2,0,20,14,28,10,31,0,2,0,0,14,0,0,0,0,0,56,66,0,0,0,0,0,5,112,5,2962.25,3292,3608,3220.36,626.42,6,95,16,2,120,9.64,1.27,2,120
"2015","MUNICIPIO","170100",175,0,165,3,54,47,37,21,8,2,3,0,172,18.5,23,27,23.85,6.78,3,0,0,0,7,14,12,8,1,152,0,123,50,65,110,172,3,0,2,0,14,158,1,16,158,1,38,39,40,38.67,2.15,0,36,15,27,95,167,8,102,0,170,4,0,37,20,35,32,31,1,1,3,0,14,0,0,0,0,0,96,79,0,0,0,0,0,12,155,8,2915,3260,3580,3198.87,586.11,10,148,14,4,171,9.12,1.04,3,171
"2015","MUNICIPIO","170105",45,0,41,0,9,8,20,4,4,0,0,0,45,21,26,29,25.58,5.35,1,0,0,0,2,3,0,2,0,43,0,28,17,17,28,43,2,0,0,1,1,43,0,2,43,0,38,39,40,38.71,1.66,0,8,5,9,22,45,0,24,0,43,2,0,9,5,14,4,8,1,1,2,0,1,0,0,0,0,0,22,23,0,0,0,0,0,6,37,2,2840,3070,3470,3101.29,534.37,3,38,2,1,43,9.14,0.82,1,44
"2015","MUNICIPIO","170110",81,0,76,1,20,22,19,11,5,2,1,0,80,19,23,29,24.7,7,0,0,0,0,1,4,4,2,1,74,0,17,64,26,55,80,1,0,0,1,4,76,0,5,76,0,38,39,40,38.84,1.52,0,24,6,6,45,81,0,37,0,79,0,1,16,7,21,11,19,0,0,1,1,4,0,0,0,0,0,48,33,0,0,0,0,0,5,73,3,2960,3255,3590,3260.49,528.73,4,68,8,2,78,9.28,1.3,2,77
"2015","MUNICIPIO","170130",68,0,65,0,9,22,15,17,4,1,0,0,68,21,25,30,25.63,5.85,0,0,0,0,4,8,8,2,0,58,0,49,19,22,46,66,2,0,0,1,5,61,1,6,61,1,38.75,39,40,38.71,1.75,0,12,9,13,34,68,0,34,0,66,2,0,10,11,11,11,18,0,2,2,0,3,0,0,0,0,0,29,39,0,0,0,0,0,3,61,4,2963.75,3245,3542.5,3247.72,483.09,2,57,7,0,68,9.12,0.64,1,67
"2015","MUNICIPIO","170190",84,0,66,1,24,28,18,7,6,0,0,0,83,19,22,26,23.44,5.92,0,0,0,0,2,7,9,5,1,63,0,23,60,32,52,81,2,0,1,0,12,64,7,13,64,7,38,39,40,38.75,2.75,0,17,4,17,34,59,25,47,0,82,1,0,17,10,21,6,15,0,1,2,0,11,0,0,0,0,0,35,49,0,0,0,0,0,8,70,6,3000,3350,3608.25,3261.49,615.42,4,67,8,1,83,9.26,1.02,0,84
"2015","MUNICIPIO","170200",99,0,76,2,26,29,17,17,6,2,0,0,97,19,23,29.5,24.56,6.69,0,0,0,0,4,7,18,5,1,72,1,27,67,34,65,99,0,0,1,2,7,81,6,10,81,6,38,38,39,38.35,2.5,0,30,5,15,41,54,45,46,0,93,2,1,24,5,24,6,23,1,1,0,1,10,0,0,0,0,0,54,45,0,0,0,0,0,11,79,9,2934,3340,3795,3254.35,655.76,8,69,18,4,95,9.14,1.36,1,95
"2015","MUNICIPIO","170210",3181,0,3073,32,596,894,816,557,242,42,2,0,3149,20,25,30,25.4,6.2,9,0,0,0,248,440,428,105,5,2636,6,2050,1128,1167,2014,3128,53,0,8,26,191,2943,10,225,2943,10,38,39,40,38.65,1.73,0,509,255,533,1862,27,3154,1347,0,3057,111,4,602,430,695,419,702,48,48,53,4,168,0,0,0,0,0,1626,1554,0,0,0,0,0,213,2801,167,2955,3250,3526,3221.86,522.63,176,2667,279,30,3125,9.18,0.77,27,3153
"2015","MUNICIPIO","170215",92,0,80,2,24,28,17,16,5,0,0,0,90,19,23,28,23.96,6.31,3,0,0,0,0,2,6,5,0,81,0,55,37,27,65,88,4,0,1,0,7,81,1,8,81,1,38,39,40,38.51,2.32,0,23,15,19,33,92,0,44,0,86,3,0,12,11,25,15,13,0,3,4,0,5,0,0,0,0,0,40,52,0,0,0,0,0,9,80,3,2995,3247.5,3577.5,3203.91,540.89,5,74,6,1,91,9.1,0.65,1,91
"2015","MUNICIPIO","170220",599,0,304,5,163,181,124,84,38,4,0,0,594,19,23,28,24.03,6.17,3,0,0,0,19,53,23,12,0,543,1,181,409,212,387,595,4,1,1,5,60,439,60,67,439,60,38,39,40,39.04,2.48,0,98,41,37,218,599,0,363,0,584,10,2,120,58,148,74,86,1,7,4,2,65,0,0,0,0,0,317,281,0,0,0,0,0,38,530,31,2955,3250,3530,3234.35,518.06,34,432,61,8,537,9.16,0.88,8,588
"2015","MUNICIPIO","170230",95,0,79,2,25,32,19,12,4,1,0,0,93,19,22,27,23.43,5.99,0,0,0,0,3,13,12,9,1,70,0,53,39,41,54,95,0,0,0,1,6,82,3,7,82,3,38,39,40,38.77,1.84,0,16,9,15,53,59,36,40,0,89,4,0,22,12,17,10,18,1,3,0,0,7,0,0,0,0,0,38,57,0,0,0,0,0,5,80,10,2992.5,3300,3645,3313.76,544.28,5,72,14,0,92,9.42,0.63,2,88
"2015","MUNICIPIO","170240",176,0,143,2,51,44,37,25,16,1,0,0,174,19,24,29,24.44,6.56,2,0,0,0,14,18,14,26,1,126,0,78,94,62,114,172,4,0,1,1,21,135,11,23,135,11,38,39,40,38.66,2.46,0,43,19,21,84,59,117,115,0,169,6,0,34,15,60,17,13,1,3,4,0,21,0,0,0,0,0,94,82,0,0,0,0,0,14,159,3,2876.25,3132.5,3427.5,3125.51,467.99,15,136,11,3,173,9.41,1.07,1,170
"2015","MUNICIPIO","170255",329,0,160,3,84,102,74,48,16,2,0,0,326,19,23,28,24.07,5.96,3,0,0,0,14,22,14,6,0,301,0,94,227,126,203,317,10,0,2,6,33,252,18,41,252,18,38,39,40,38.69,2.55,0,45,28,28,111,56,273,168,0,312,13,0,62,38,62,31,59,6,4,10,0,35,0,0,0,0,0,164,165,0,0,0,0,0,26,288,15,2850,3200,3520,3161.17,566.46,34,230,26,2,294,9.14,0.97,2,324
"2015","MUNICIPIO","170270",31,0,27,0,8,10,8,2,2,1,0,0,31,19.5,23,29,24.52,6.59,0,0,0,0,1,4,3,2,0,24,0,9,22,6,25,31,0,0,0,0,2,25,4,2,25,4,38,39,40,38.97,2.01,0,5,4,5,17,31,0,11,0,30,1,0,5,1,10,6,6,0,1,0,0,2,0,0,0,0,0,18,13,0,0,0,0,0,2,28,1,2820,3230,3505,3169.77,467.49,5,22,3,1,30,9.23,1.67,0,30
"2015","MUNICIPIO","170290",194,0,121,3,54,47,45,31,12,2,0,0,191,19,24,28.75,24.38,6.36,2,0,0,0,2,11,4,1,0,179,0,98,89,72,122,186,8,0,1,2,20,150,6,23,150,6,38,39,40,38.6,2.27,0,35,28,17,73,194,0,115,0,191,3,0,28,32,40,21,28,0,2,8,0,21,0,0,0,0,0,93,101,0,0,0,0,0,24,159,11,2835,3142.5,3447.5,3089.14,613.58,20,135,14,0,179,9.22,0.68,3,191
"2015","MUNICIPIO","170300",100,0,91,3,25,28,30,11,3,0,0,0,97,19,23,28,23.49,5.76,0,0,0,0,1,6,9,4,0,86,0,78,21,37,63,96,4,0,0,1,6,92,1,7,92,1,38,39,40,38.75,1.71,0,33,10,22,34,98,2,47,0,94,6,0,18,15,21,16,19,1,3,4,0,3,0,0,0,0,0,49,51,0,0,0,0,0,6,88,6,2973.75,3192.5,3510,3226.43,469.27,4,84,8,2,95,9.06,0.84,2,98
"2015","MUNICIPIO","170305",45,0,40,0,13,13,6,8,5,0,0,0,45,18,23,30,24.38,7.1,0,0,0,0,0,3,5,0,0,40,0,29,16,20,25,45,0,0,0,0,0,44,0,0,44,0,39,39,40,39.32,0.83,0,13,5,3,22,45,0,26,0,45,0,0,11,8,16,5,4,0,0,0,0,0,0,0,0,0,0,24,21,0,0,0,0,0,1,41,3,3115,3380,3620,3345.44,466.38,2,38,4,1,42,9.12,1.12,2,43
"2015","MUNICIPIO","170307",88,0,79,3,27,22,18,13,4,1,0,0,85,18.75,23,28.25,23.76,6.62,1,0,0,0,2,0,4,3,0,81,0,69,19,34,54,88,0,0,0,1,8,77,0,9,77,0,38,39,40,38.57,1.74,0,28,12,10,36,83,5,55,0,86,1,0,15,14,24,11,11,0,1,0,0,9,0,0,0,0,0,43,45,0,0,0,0,0,3,82,3,2908.75,3142.5,3471.25,3191.88,421.45,4,74,8,4,78,9.04,1.06,2,86
"2015","MUNICIPIO","170310",66,0,62,1,16,18,17,8,6,0,0,0,65,19.25,24,28,24.52,6.06,0,0,0,0,6,0,12,3,0,51,0,17,49,22,44,64,2,0,0,2,5,56,3,7,56,3,38,39,39,38.38,2.24,0,11,4,3,46,64,2,31,0,62,3,1,10,8,14,6,16,0,2,2,1,7,0,0,0,0,0,37,29,0,0,0,0,0,7,57,2,2978.75,3230,3511,3169.09,513.4,2,57,5,1,65,9.52,0.75,2,64
"2015","MUNICIPIO","170320",53,0,44,0,21,9,11,6,4,2,0,0,53,18,21,29,23.81,7.33,0,0,0,0,2,3,7,4,0,42,0,30,21,15,38,50,3,0,1,0,0,50,2,1,50,2,38,39,40,38.79,2.3,0,6,3,8,35,53,0,20,0,50,3,0,6,6,10,7,19,0,2,3,0,0,0,0,0,0,0,24,29,0,0,0,0,0,6,47,0,2950,3150,3400,3112.11,543.1,3,45,1,1,51,9.08,1.44,0,52
"2015","MUNICIPIO","170330",73,0,58,2,24,22,15,6,3,1,0,0,71,17,22,26,22.51,6.05,0,0,0,0,0,3,2,2,0,67,0,44,27,31,42,68,5,0,0,0,4,63,5,4,63,5,38,39,40,39.06,1.88,0,23,4,2,41,73,0,20,0,69,2,1,20,7,13,2,18,0,2,5,1,3,0,0,0,0,0,38,35,0,0,0,0,0,6,65,2,2887,3230,3460,3136.82,598.4,6,53,6,1,72,8.71,1.17,0,73
"2015","MUNICIPIO","170360",29,0,20,0,8,7,8,4,2,0,0,0,29,19,22,27,23.62,5.8,0,0,0,0,1,1,1,1,1,22,0,14,12,12,17,29,0,0,0,1,2,24,1,3,24,1,37.75,38.5,39.25,38.25,2.03,0,7,2,5,14,29,0,13,0,26,2,0,7,4,3,2,7,1,1,0,0,2,0,0,0,0,0,13,16,0,0,0,0,0,6,22,1,2690,3110,3310,2983.72,608.15,2,25,1,0,25,9.28,0.61,0,29
"2015","MUNICIPIO","170370",90,0,71,0,22,27,24,11,5,1,0,0,90,20,23,28,24.43,5.94,1,0,0,0,8,4,3,12,2,70,1,35,55,26,64,85,4,0,0,2,6,74,3,8,74,3,38,39,40,38.79,2.38,0,26,3,4,52,86,4,51,0,84,4,0,12,8,21,11,16,1,2,4,0,7,0,0,0,0,0,42,48,0,0,0,0,0,13,71,6,2841,3250,3596,3195.89,529.79,5,60,11,1,88,9.73,0.64,2,87
"2015","MUNICIPIO","170380",165,0,73,0,38,55,35,24,12,1,0,0,165,20,23,29,24.56,6.18,0,0,0,0,1,8,5,2,0,157,1,49,114,52,113,161,4,0,0,2,22,110,22,24,110,22,38,39,41,39.2,2.55,0,24,7,14,56,162,3,103,0,161,2,0,23,18,50,16,21,0,2,4,0,20,0,0,0,0,0,93,72,0,0,0,0,0,11,144,10,2980,3300,3595,3271.17,462.67,10,111,18,3,142,9,0.97,0,164
"2015","MUNICIPIO","170382",26,0,22,0,6,6,7,2,5,0,0,0,26,20,25,30.5,25.77,7.45,0,0,0,0,0,2,2,0,0,23,0,12,14,10,16,26,0,0,0,0,3,20,2,3,20,2,38,39,40,38.68,2.63,0,6,3,1,15,26,0,14,0,26,0,0,2,6,6,4,4,0,0,0,0,3,0,0,0,0,0,17,9,0,0,0,0,0,2,19,5,3146.25,3320,3856.25,3449.15,569.96,0,16,8,0,25,9.04,0.68,0,26
"2015","MUNICIPIO","170384",163,0,133,3,52,47,32,17,4,8,0,0,160,18,22,27,23.36,6.85,3,0,0,0,2,9,16,8,1,138,0,136,27,50,113,160,2,0,0,1,17,140,1,18,140,1,38,39,40,38.73,1.7,0,57,22,30,52,142,21,96,0,159,0,1,24,21,48,30,17,0,0,1,1,15,0,0,0,0,0,83,79,0,0,0,0,0,11,144,8,2942.5,3240,3517.5,3230.21,472.56,11,129,15,2,135,8.99,1.02,1,160
"2015","MUNICIPIO","170386",49,0,39,0,9,14,17,7,2,0,0,0,49,21,25,28,24.92,4.96,0,0,0,0,1,2,2,2,1,44,0,11,38,14,35,49,0,0,0,1,3,37,5,4,37,5,38,39,40,39.09,2.32,0,12,2,2,28,49,0,22,0,49,0,0,9,3,16,4,10,0,0,0,0,4,0,0,0,0,0,30,19,0,0,0,0,0,2,42,5,3018,3265,3600,3299.33,461.11,2,32,7,0,49,9.94,0.24,0,49
"2015","MUNICIPIO","170388",30,0,30,1,4,14,6,4,0,1,0,0,29,21,22.5,27,23.8,5.85,0,0,0,0,2,2,2,2,0,26,0,25,5,13,17,30,0,0,0,0,3,27,0,3,27,0,38,39,39,38.73,1.23,0,7,5,6,12,30,0,11,0,30,0,0,7,6,5,3,6,0,0,0,0,3,0,0,0,0,0,18,12,0,0,0,0,0,3,26,1,3027.5,3250,3638.75,3274.5,499.8,2,25,3,1,29,9.03,0.81,0,30
"2015","MUNICIPIO","170389",47,0,19,1,12,13,9,7,5,0,0,0,46,19,24,29.5,24.72,6.67,0,0,0,0,1,2,0,0,0,46,0,9,36,17,30,47,0,0,0,0,4,35,7,4,35,7,39,39,40,39.37,1.89,0,2,3,5,16,47,0,29,0,45,1,0,8,7,15,3,7,0,1,0,0,4,0,0,0,0,0,21,26,0,0,0,0,0,0,44,3,3000,3300,3625,3323.34,465.93,3,35,5,1,41,8.93,0.97,0,47
"2015","MUNICIPIO","170390",71,0,69,0,10,17,23,12,8,0,1,0,71,22,26,30,26.49,6.49,1,0,0,0,3,5,6,1,0,64,0,19,52,23,48,71,0,0,0,0,4,64,3,4,64,3,38,39,40,38.92,1.63,0,21,5,10,35,71,0,36,0,66,5,0,15,7,17,7,16,0,5,0,0,4,0,0,0,0,0,39,32,0,0,0,0,0,1,65,5,2990,3288,3670,3327.7,513.02,3,58,8,0,71,9.62,0.72,1,70
"2015","MUNICIPIO","170410",24,0,22,0,9,6,4,4,1,0,0,0,24,18,22,27.5,23.21,6.08,0,0,0,0,0,0,2,0,0,22,0,18,6,8,16,22,2,0,0,0,2,19,3,2,19,3,38.75,39,40.25,39.29,1.9,0,6,4,4,10,24,0,9,0,23,1,0,5,1,7,1,5,0,1,2,0,2,0,0,0,0,0,14,10,0,0,0,0,0,2,20,2,2855.5,3080,3550,3177.33,522.1,3,16,3,0,24,8.67,0.82,0,24
"2015","MUNICIPIO","170460",21,0,20,0,7,5,4,3,2,0,0,0,21,18,23,29,23.9,6.74,0,0,0,0,1,1,3,0,0,18,0,1,20,7,14,21,0,0,0,0,3,16,2,3,16,2,38,40,41,39.1,2.14,0,5,0,2,13,21,0,13,0,21,0,0,3,4,6,1,4,0,0,0,0,3,0,0,0,0,0,11,10,0,0,0,0,0,0,20,1,2915,3180,3570,3212.86,422.26,3,16,2,0,21,9.76,0.44,0,21
"2015","MUNICIPIO","170510",44,0,37,0,12,19,6,3,3,1,0,0,44,19,22,26,23.36,5.79,1,0,0,0,0,0,1,7,0,33,1,16,28,21,23,42,2,0,0,3,5,34,2,8,34,2,37.5,39,40,37.98,3.07,0,14,4,2,22,43,1,26,0,40,2,0,11,5,9,7,1,2,0,2,0,5,0,0,0,0,0,26,18,0,0,0,0,0,6,37,1,2814.5,3272.5,3561.25,3096.41,763.49,6,28,6,0,44,9.68,0.64,1,43
"2015","MUNICIPIO","170550",579,0,425,6,119,201,145,65,37,5,0,1,572,20,23,28,24.41,5.92,2,0,0,0,50,70,84,20,2,421,0,263,298,227,352,560,11,1,0,11,52,499,13,64,499,13,38,39,40,38.52,2.21,0,105,52,76,336,247,332,218,0,563,10,2,126,65,123,55,128,2,4,16,2,51,0,0,0,0,0,301,278,0,0,0,0,0,56,504,19,2885,3165,3450,3125.88,529.32,46,463,41,4,517,9.26,0.72,4,571
"2015","MUNICIPIO","170555",79,0,62,1,20,19,15,16,6,2,0,0,78,19,24,30,25.18,6.68,0,0,0,0,2,10,17,6,0,50,0,31,45,31,48,77,2,0,3,0,5,66,5,8,66,5,38,39,40,38.51,2.94,0,16,5,12,41,79,0,31,0,76,1,0,13,13,9,13,18,1,0,2,0,8,0,0,0,0,0,41,38,0,0,0,0,0,9,66,4,2867.5,3225,3505,3154.42,640.8,7,61,9,1,77,9.24,0.84,1,77
"2015","MUNICIPIO","170560",48,0,40,0,10,13,11,6,6,1,1,0,48,20,25,31.5,26.31,7.45,0,0,0,0,3,5,5,11,0,31,0,20,28,12,36,48,0,0,1,2,5,36,3,8,36,3,38,39,40,38,3.31,0,16,7,4,19,43,5,28,0,46,2,0,5,4,13,8,8,2,0,0,0,7,0,0,0,0,0,19,29,0,0,0,0,0,12,34,2,2622.75,3113,3527,2992.67,780.55,8,31,8,2,41,9.28,1.75,0,48
"2015","MUNICIPIO","170600",79,0,66,0,20,20,22,9,7,1,0,0,79,19.5,24,28,24.63,6.42,1,0,0,0,1,5,9,6,0,62,1,30,48,24,55,76,0,0,0,1,11,61,2,12,61,2,38,39,40,38.56,2.72,0,22,12,12,30,79,0,39,0,73,5,0,15,4,24,3,15,1,2,3,0,8,0,0,0,0,0,48,31,0,0,0,0,0,8,67,4,2900,3310,3612.5,3204.92,599.71,3,58,10,0,77,9.42,0.75,0,79
"2015","MUNICIPIO","170610",70,0,66,1,17,18,15,10,7,2,0,0,69,19.25,24,30,25.56,7.21,0,0,0,0,0,5,5,1,0,62,0,21,49,15,55,69,0,0,0,0,6,59,2,6,59,2,38,39,40,38.67,1.47,0,21,2,5,38,65,5,39,0,64,2,0,9,5,21,9,15,0,2,0,0,5,0,0,0,0,0,32,38,0,0,0,0,0,4,60,6,2850,3292.5,3726,3290.87,522.13,5,50,11,0,68,9.66,0.61,1,69
"2015","MUNICIPIO","170625",24,0,23,0,5,6,6,6,1,0,0,0,24,20.75,25,30,24.92,6.01,0,0,0,0,2,1,2,1,0,21,0,4,20,5,19,24,0,0,0,0,2,17,5,2,17,5,38,39,40.25,39.21,2.04,0,8,4,6,6,24,0,14,0,23,1,0,4,1,7,5,4,0,1,0,0,2,0,0,0,0,0,9,15,0,0,0,0,0,1,22,1,2978.75,3255,3504.5,3277.29,441.13,1,19,3,0,24,9.79,0.51,0,24
"2015","MUNICIPIO","170650",109,0,102,2,31,31,33,10,2,0,0,0,107,19,23,27,23.3,5.15,0,0,0,0,0,3,13,4,0,92,0,77,32,34,75,107,2,0,0,0,4,103,1,4,103,1,38,39,40,38.89,1.38,0,27,7,20,53,108,1,54,0,104,5,0,13,19,30,14,23,1,2,2,0,4,0,0,0,0,0,56,53,0,0,0,0,0,5,100,4,2915,3160,3435,3195.9,496.54,8,88,10,0,108,9.19,0.73,1,107
"2015","MUNICIPIO","170700",331,0,304,3,91,83,73,59,16,6,0,0,328,19,23,29,24.35,6.4,0,0,0,0,13,31,22,29,1,278,0,93,238,116,215,331,0,0,0,3,35,280,5,38,280,5,38,39,40,38.59,2,0,82,32,29,169,102,229,166,0,322,7,1,60,37,87,38,57,2,5,0,1,35,0,0,0,0,0,165,166,0,0,0,0,0,27,291,13,2895,3205,3562.5,3180.36,519.04,23,273,25,2,325,9.65,0.78,6,324
"2015","MUNICIPIO","170710",97,0,93,1,28,26,19,17,5,1,0,0,96,19,22,29,24.09,6.37,0,0,0,0,5,9,9,3,0,84,0,23,74,36,61,96,1,0,1,0,10,84,2,11,84,2,38,39,40,38.65,2.18,0,17,8,3,69,96,1,51,0,94,3,0,22,11,20,10,20,1,2,1,0,10,0,0,0,0,0,50,47,0,0,0,0,0,5,84,8,2986,3315,3620,3294.53,597.3,6,73,16,1,95,9.58,0.72,0,97
"2015","MUNICIPIO","170720",54,0,52,0,12,12,12,10,7,1,0,0,54,20,26.5,31.75,25.96,6.9,0,0,0,0,2,2,6,1,0,47,0,11,43,17,37,54,0,1,1,0,5,45,2,7,45,2,38,39,40,38.26,3.72,0,15,2,4,31,52,2,30,0,52,2,0,7,8,10,10,12,1,1,0,0,5,0,0,0,0,0,34,20,0,0,0,0,0,4,48,2,3131.25,3360,3643.75,3316.46,550.76,2,46,5,2,51,9.43,1.53,1,53
"2015","MUNICIPIO","170730",65,0,53,1,18,19,14,9,3,1,0,0,64,19,23,27,23.58,6.31,0,0,0,0,2,1,6,3,2,53,0,21,44,20,45,64,0,0,0,0,6,46,11,6,46,11,38,40,41,39.48,2.45,0,20,4,2,38,65,0,31,0,63,0,0,12,4,17,3,18,0,0,1,0,6,0,0,0,0,0,32,33,0,0,0,0,0,2,58,5,3028,3320,3710,3356.43,449.03,4,43,9,1,64,9.69,1.27,0,64
"2015","MUNICIPIO","170740",166,0,85,4,40,58,31,19,9,4,1,0,162,19,23,27,23.8,6.58,3,0,0,0,3,6,3,6,1,149,0,71,89,56,110,164,2,0,2,2,18,124,13,22,124,13,38,39,40,38.56,2.89,0,23,14,19,44,148,18,93,0,157,6,2,21,18,44,25,22,3,1,2,2,20,0,0,0,0,0,84,82,0,0,0,0,0,12,143,11,2900,3250,3555,3213.51,622.13,11,119,22,4,148,8.93,1.03,0,163
"2015","MUNICIPIO","170755",39,0,31,0,10,7,11,8,3,0,0,0,39,19.5,26,30.5,25.21,6.37,0,0,0,0,3,2,2,4,0,33,0,10,29,14,25,39,0,0,0,0,3,33,2,3,33,2,38,40,41,39.26,1.93,0,9,5,1,19,39,0,21,0,35,4,0,7,4,4,10,7,3,1,0,0,2,0,0,0,0,0,19,20,0,0,0,0,0,0,35,4,2914,3396,3692.5,3383.74,531.2,4,27,7,0,39,9.9,0.38,1,35
"2015","MUNICIPIO","170765",74,0,62,2,19,20,16,6,10,1,0,0,72,19,23.5,29,24.95,7.17,0,0,0,0,4,6,14,2,3,55,0,24,50,27,47,69,4,0,0,2,7,59,4,9,59,4,38,39,40,38.62,2.38,0,23,3,6,39,72,2,39,0,73,0,0,19,4,16,6,14,0,0,5,0,7,0,0,0,0,0,38,36,0,0,0,0,0,7,63,4,2927.5,3290,3572.5,3205.95,628.97,3,54,9,2,71,9.59,1.54,0,74
"2015","MUNICIPIO","170770",109,0,98,1,29,31,22,16,7,3,0,0,108,19,23,29,24.52,6.84,1,0,0,0,3,2,7,5,0,94,0,90,19,35,74,106,3,0,1,0,5,102,0,6,102,0,38,39,40,38.78,1.74,0,32,16,20,37,105,4,62,0,104,2,0,18,15,31,15,17,1,0,3,0,5,0,0,0,0,0,57,52,0,0,0,0,0,6,97,6,2895,3215,3600,3248.66,553.59,6,86,10,1,105,9.08,0.65,3,106
"2015","MUNICIPIO","170820",263,0,200,2,63,71,65,34,25,1,2,0,261,20,24,29,24.81,6.56,3,0,0,0,9,20,25,8,2,193,28,64,195,86,177,255,8,1,2,0,36,185,15,39,185,15,37,39,40,38.53,2.76,0,73,22,23,120,258,5,133,0,254,5,0,51,9,62,19,51,2,3,8,0,32,0,0,0,0,0,114,149,0,0,0,0,0,25,218,20,2910.5,3256,3542.5,3206.51,584.33,12,175,34,7,253,9.67,1.13,0,260
"2015","MUNICIPIO","170825",62,0,60,2,20,25,8,4,3,0,0,0,60,18,21,24,21.9,5.65,0,0,0,0,5,7,6,3,0,51,1,31,30,28,34,62,0,0,0,0,4,56,1,4,56,1,38,39,40,39.07,1.48,0,26,9,9,16,62,0,23,0,59,3,0,17,7,9,5,16,1,2,0,0,4,0,0,0,0,0,29,33,0,0,0,0,0,9,51,2,2978.5,3325,3547.5,3192.08,601.94,9,46,6,0,61,9.43,0.56,0,62
"2015","MUNICIPIO","170830",75,0,72,0,28,21,18,7,1,0,0,0,75,18,21,26.5,22.32,5.32,1,0,0,0,0,7,5,2,0,67,0,17,58,28,47,73,2,0,0,0,12,60,3,12,60,3,38,39,40,38.48,1.82,0,15,13,10,37,74,1,27,0,72,3,0,15,9,12,8,16,0,3,2,0,10,0,0,0,0,0,41,34,0,0,0,0,0,0,72,3,3044,3338,3632,3351.67,400.91,2,64,7,0,75,9.41,0.68,0,75
"2015","MUNICIPIO","170900",258,0,217,20,70,66,57,23,16,6,0,0,238,18,22,27.75,23.27,7.02,9,0,0,0,2,11,9,13,0,132,97,172,79,83,175,254,4,0,0,1,37,210,8,38,210,8,38,39,40,38.49,2.11,0,90,40,48,76,180,78,197,0,254,3,0,54,19,90,24,27,0,3,4,0,35,0,0,0,0,0,128,130,0,0,0,0,0,14,226,18,2960,3250,3596.25,3244.07,482.94,14,193,39,3,242,9.27,0.8,4,248
"2015","MUNICIPIO","170930",401,0,383,5,110,101,104,50,26,5,0,0,396,19,24,28,24.29,6.33,2,0,0,0,30,57,42,6,0,352,0,129,272,180,221,394,7,0,0,7,47,325,21,54,325,21,38,39,40,38.52,2.21,0,102,44,48,203,87,314,124,0,386,14,0,86,61,67,31,89,7,5,7,0,46,0,0,0,0,0,217,184,0,0,0,0,0,24,354,23,3002,3300,3568,3260.5,520.2,17,313,55,1,399,9.39,0.72,6,395
"2015","MUNICIPIO","170950",1396,0,1188,10,267,367,364,259,109,20,0,0,1386,21,25,30,25.6,6.3,4,0,0,0,110,264,289,47,17,998,2,330,1037,578,818,1373,18,1,3,22,174,1062,88,200,1062,88,38,39,40,38.41,2.47,0,328,98,125,796,90,1306,452,0,1342,37,0,329,139,244,75,324,18,16,21,0,176,0,0,0,0,0,687,709,0,0,0,0,0,107,1212,76,2950,3230,3550,3204.01,554.24,79,1040,171,16,1374,9.75,0.89,10,1383
"2015","MUNICIPIO","170980",28,0,21,0,4,6,7,8,2,1,0,0,28,24,27,30.5,27.25,6.07,0,0,0,0,2,9,2,3,0,23,0,10,18,6,22,26,2,0,0,0,2,23,3,2,23,3,37.75,39,40,39.07,1.92,0,5,1,2,20,28,0,10,0,28,0,0,5,1,8,2,8,0,0,2,0,2,0,0,0,0,0,19,9,0,0,0,0,0,2,25,1,2856,3196,3551,3187.82,457.31,3,18,2,0,28,9.82,0.48,1,24
"2015","MUNICIPIO","171050",155,0,130,13,34,43,25,23,16,1,0,0,142,18,22,30,23.88,7.2,4,0,0,0,8,12,6,0,2,93,48,100,54,50,105,153,2,0,2,3,23,118,7,28,118,7,38,39,40,38.32,2.81,0,47,25,25,55,113,42,86,0,148,5,0,29,11,56,8,16,1,4,2,0,24,0,0,0,0,0,74,81,0,0,0,0,0,10,134,10,2961.25,3243,3600,3251.77,638.96,7,115,24,2,152,8.97,0.99,5,148
"2015","MUNICIPIO","171070",69,0,46,1,21,16,17,10,2,2,0,0,68,19,24,28,23.88,6.46,1,0,0,0,0,3,1,2,0,64,0,36,33,23,46,68,0,0,0,0,8,48,10,8,48,10,38,39,40,39.2,2.23,0,12,7,5,32,69,0,43,0,64,4,0,10,7,19,7,10,3,1,0,0,8,0,0,0,0,0,30,39,0,0,0,0,0,4,63,2,2890,3145,3360,3111.74,584.93,6,52,2,0,65,9.2,0.67,0,69
"2015","MUNICIPIO","171090",44,0,41,0,9,15,5,13,0,2,0,0,44,20.75,24,31,25.61,6.63,1,0,0,0,0,3,7,0,0,37,0,17,26,14,30,44,0,0,0,2,8,31,2,10,31,2,37.5,39,40,38.16,2.81,0,15,3,7,19,44,0,20,0,43,1,0,7,4,11,2,9,0,1,0,0,9,0,0,0,0,0,19,25,0,0,0,0,0,4,35,5,3071.25,3390,3753.5,3381.09,737.92,3,29,10,0,44,9.18,0.66,0,44
"2015","MUNICIPIO","171110",36,0,34,1,7,17,6,3,2,0,0,0,35,20,23,27.25,23.5,5.46,0,0,0,0,1,1,2,0,0,33,0,12,24,12,24,36,0,0,0,0,0,34,2,0,34,2,38,39,39,39.14,1.15,0,5,2,6,23,36,0,5,0,34,1,0,9,2,8,5,10,0,1,0,0,0,0,0,0,0,0,23,13,0,0,0,0,0,0,33,3,3010,3285,3530.75,3314.64,432.06,1,31,3,0,36,9.25,0.65,0,36
"2015","MUNICIPIO","171150",49,0,45,2,11,17,8,9,2,0,0,0,47,19,23,26,23.57,5.97,1,0,0,0,2,0,7,2,0,39,0,14,35,24,25,49,0,0,0,2,5,35,4,7,35,4,37.25,39,40,38.28,2.74,0,11,3,3,31,49,0,23,0,49,0,0,17,2,8,3,9,0,0,0,0,7,0,0,0,0,0,26,23,0,0,0,0,0,5,40,4,2850,3250,3520,3191.24,589.62,4,35,7,1,48,9.67,0.83,1,48
"2015","MUNICIPIO","171180",26,0,22,1,8,10,1,5,0,1,0,0,25,19,21,24.75,23.31,6.67,0,0,0,0,1,0,1,2,0,22,0,17,9,12,14,26,0,0,0,0,3,23,0,3,23,0,38,39,40,38.81,1.58,0,4,3,4,14,26,0,8,0,24,2,0,6,2,5,2,6,1,1,0,0,3,0,0,0,0,0,14,12,0,0,0,0,0,2,21,3,2982.5,3410,3585,3316.12,528.39,3,17,6,0,24,9.42,0.58,0,26
"2015","MUNICIPIO","171190",238,0,194,4,62,74,47,40,11,0,0,0,234,19,23,29,23.76,6.08,4,0,0,0,2,15,17,12,2,136,63,60,170,72,166,234,3,0,0,1,32,192,11,33,192,11,38,39,40,38.56,2.29,0,67,26,22,106,232,6,142,0,224,4,1,42,13,70,17,45,1,3,3,1,32,0,0,0,0,0,132,106,0,0,0,0,0,13,208,17,2935,3272,3586,3264.72,551.02,15,178,33,1,234,9.71,0.59,1,233
"2015","MUNICIPIO","171195",59,0,55,0,14,15,13,11,5,1,0,0,59,20,25,31,25.25,6.51,0,0,0,0,2,3,1,1,1,56,0,19,40,14,45,59,0,0,0,0,6,51,1,6,51,1,38,39,40,38.72,1.61,0,15,8,7,25,55,4,38,0,56,1,1,9,2,22,5,12,0,1,0,1,5,0,0,0,0,0,29,30,0,0,0,0,0,5,52,2,2935,3200,3430,3183.86,472.14,2,54,2,1,54,9.53,0.74,0,59
"2015","MUNICIPIO","171200",52,0,50,1,7,14,14,12,3,1,0,0,51,20.75,26,31,25.81,6.32,0,0,0,0,2,3,6,3,1,41,1,10,42,11,41,52,0,0,0,0,3,48,1,3,48,1,38,39,40,38.88,1.48,0,16,4,5,25,52,0,30,0,51,1,0,7,1,18,9,13,1,0,0,0,3,0,0,0,0,0,26,26,0,0,0,0,0,3,48,1,2988.75,3265,3591.25,3239.17,501.9,4,44,4,1,50,9.57,0.98,0,52
"2015","MUNICIPIO","171215",28,0,20,2,10,7,4,4,1,0,0,0,26,18,21,27,22.61,6.28,1,0,0,0,0,2,1,2,0,22,0,12,15,12,16,28,0,0,0,0,1,26,1,1,26,1,38,39,40.25,39.39,1.64,0,9,3,3,11,28,0,15,0,25,2,0,6,5,6,2,6,0,2,0,0,0,0,0,0,0,0,16,12,0,0,0,0,0,2,24,2,2988,3200,3507.75,3230.79,472.73,2,23,2,1,27,9.54,0.96,0,27
"2015","MUNICIPIO","171240",40,0,36,0,7,12,9,7,5,0,0,0,40,20,25.5,30,25.6,6.54,0,0,0,0,1,2,1,5,0,34,0,11,29,6,34,40,0,0,1,0,6,32,0,7,32,0,38,39,40,38.49,2.88,0,20,5,4,9,37,3,20,0,39,1,0,4,2,16,6,4,0,1,0,0,6,0,0,0,0,0,26,14,0,0,0,0,0,2,36,2,2998.75,3377.5,3650,3303.72,537.48,2,33,4,0,39,9.49,0.82,1,38
"2015","MUNICIPIO","171245",29,0,18,0,6,11,7,5,0,0,0,0,29,21,23,27,24.1,5.09,1,0,0,0,0,0,2,2,0,25,0,11,18,4,25,27,2,0,0,0,0,29,0,0,29,0,38,39,40,39,1.07,0,6,0,2,13,29,0,19,0,29,0,0,4,0,11,8,4,0,0,2,0,0,0,0,0,0,0,17,12,0,0,0,0,0,4,25,0,2795,3275,3670,3178.48,513.66,5,20,2,0,28,9.14,0.45,0,29
"2015","MUNICIPIO","171250",69,0,65,0,17,18,19,8,3,4,0,0,69,20,24,29,25.03,7.02,0,0,0,0,0,7,5,5,0,59,0,11,58,24,45,69,0,0,0,1,9,57,2,10,57,2,38,39,40,38.61,2.19,0,10,4,4,50,69,0,37,0,66,2,0,15,3,14,5,19,2,0,0,0,10,0,0,0,0,0,33,36,0,0,0,0,0,2,61,6,2854,3260,3715,3301.58,491.85,6,50,12,1,68,9.59,1.17,1,67
"2015","MUNICIPIO","171270",35,0,28,0,8,12,5,5,3,2,0,0,35,20,24,30.5,25.71,7.43,1,0,0,0,2,2,1,5,0,28,0,10,24,8,27,34,0,0,0,0,3,31,1,3,31,1,38,39,40,38.77,1.46,0,16,3,5,9,28,7,19,0,32,3,0,2,4,11,4,8,1,2,0,0,2,0,0,0,0,0,15,20,0,0,0,0,0,0,33,2,3027.5,3178,3424.5,3206.63,389.44,3,29,2,0,32,9.66,0.6,0,34
"2015","MUNICIPIO","171280",32,0,18,0,9,11,6,4,2,0,0,0,32,18.75,23,26.25,23.41,5.76,0,0,0,0,1,2,0,1,0,25,4,9,22,11,21,32,0,0,0,1,1,25,3,2,25,3,38,39.5,40,39.03,2.28,0,4,1,3,15,31,1,20,0,30,1,0,6,3,11,3,4,0,1,0,0,2,0,0,0,0,0,15,17,0,0,0,0,0,3,25,4,2956.25,3255,3468.75,3258.56,528.76,4,21,5,1,25,9.19,1.17,1,31
"2015","MUNICIPIO","171320",354,0,336,6,77,111,80,54,23,3,0,0,348,20,23,29,24.49,6.35,2,0,0,0,24,29,45,15,4,285,2,143,209,133,221,348,6,0,2,0,29,310,13,31,310,13,38,39,40,38.73,2.1,0,70,44,45,192,154,200,169,0,343,7,0,73,43,86,42,66,2,4,6,0,30,0,0,0,0,0,184,170,0,0,0,0,0,23,307,24,2901.25,3257.5,3559.5,3231.87,524.35,28,273,42,1,352,9.54,0.77,6,346
"2015","MUNICIPIO","171330",169,0,160,3,42,50,38,21,12,3,0,0,166,19,24,28,24.31,6.38,0,0,0,0,10,11,32,6,0,130,0,54,114,64,105,169,0,0,1,2,12,147,6,15,147,6,38,39,40,38.71,2.3,0,46,24,18,79,168,1,96,0,160,6,1,31,21,33,28,33,4,2,0,1,13,0,0,0,0,0,90,79,0,0,0,0,0,16,148,5,2920,3250,3540,3185.17,572.53,15,133,17,3,164,9.35,1.2,0,169
"2015","MUNICIPIO","171360",98,0,80,2,23,29,23,15,6,0,0,0,96,19.25,24,28,24.2,5.99,1,0,0,0,5,3,3,7,2,81,0,29,68,31,67,97,0,0,1,2,10,81,1,13,81,1,37,39,40,38.14,2.81,0,37,6,6,40,94,4,61,0,90,3,0,17,8,22,13,16,0,3,0,0,11,0,0,0,0,0,52,46,0,0,0,0,0,4,88,5,2935,3200,3500,3224.09,496.82,9,67,13,0,97,9.86,0.38,0,97
"2015","MUNICIPIO","171370",38,0,36,1,7,15,8,4,3,0,0,0,37,20.25,23.5,25.75,23.89,5.9,0,0,0,0,2,1,3,2,0,33,0,8,30,9,29,38,0,0,0,1,4,30,3,5,30,3,38,39,40,38.61,2.54,0,11,2,5,19,38,0,21,0,38,0,0,7,1,12,2,11,0,0,0,0,5,0,0,0,0,0,21,17,0,0,0,0,0,2,33,3,3070,3369,3655,3310.42,602.9,1,31,5,0,38,9.71,0.46,0,38
"2015","MUNICIPIO","171380",71,0,59,0,20,20,22,8,0,1,0,0,71,19,23,27,23.62,5.26,0,0,0,0,2,8,12,1,0,57,0,38,32,26,45,69,2,0,0,1,6,60,3,7,60,3,38,39,40,38.8,2.2,0,15,12,8,33,71,0,40,0,65,2,0,12,10,20,9,7,0,1,2,0,5,0,0,0,0,0,36,35,0,0,0,0,0,5,57,9,2915,3250,3700,3305.99,573.52,5,48,15,0,71,9.38,0.7,0,68
"2015","MUNICIPIO","171395",46,0,46,3,13,12,8,7,3,0,0,0,43,18.25,22,27.75,23.65,6.9,0,0,0,0,2,4,5,5,0,36,0,35,11,20,26,46,0,0,0,0,1,45,0,1,45,0,38,39,39,38.78,1.03,0,6,2,6,32,46,0,25,0,45,1,0,7,12,12,5,8,0,1,0,0,1,0,0,0,0,0,23,23,0,0,0,0,0,1,44,1,2790,3230,3553.75,3219.46,472.15,6,37,3,0,46,9.13,0.65,2,44
"2015","MUNICIPIO","171420",127,0,105,1,34,33,24,25,6,4,0,0,126,19,24,30.5,24.84,6.9,1,0,0,0,6,11,5,22,0,96,2,62,65,47,80,126,1,0,2,0,8,102,10,10,102,10,38,39,40,38.83,2.52,0,41,1,10,69,120,7,72,0,123,4,0,21,20,29,22,16,0,4,1,0,10,0,0,0,0,0,56,71,0,0,0,0,0,10,111,6,2892.5,3150,3495,3160.51,577.67,11,92,12,1,126,9.66,0.73,1,122
"2015","MUNICIPIO","171430",47,0,43,0,12,18,8,5,4,0,0,0,47,19.5,23,27.5,24.04,6.22,0,0,0,0,1,4,3,0,0,43,0,28,19,18,29,47,0,0,0,0,3,40,3,3,40,3,38,39,40,38.91,1.77,0,9,0,10,26,46,1,26,0,43,3,0,10,6,10,6,8,0,3,0,0,3,0,0,0,0,0,24,23,0,0,0,0,0,3,39,5,3000,3175,3490,3192.36,591.49,4,35,5,0,45,9.13,0.81,2,44
"2015","MUNICIPIO","171488",219,0,206,7,47,64,55,27,15,4,0,0,212,20,24,29,24.47,6.36,2,0,0,0,11,20,15,7,0,195,1,149,70,77,142,213,6,0,1,1,16,198,3,18,198,3,38,39,40,38.79,1.82,0,43,27,43,105,217,2,122,0,210,7,0,36,31,63,34,33,1,2,6,0,11,0,0,0,0,0,127,92,0,0,0,0,0,16,187,16,2977.5,3285,3592.5,3267.81,513.34,11,174,28,2,213,9.16,0.76,5,214
"2015","MUNICIPIO","171500",55,0,53,1,16,13,6,12,5,2,0,0,54,19,22,30.5,24.87,7.13,0,0,0,0,2,7,3,2,0,50,0,15,40,25,30,55,0,0,0,2,7,40,6,9,40,6,38,39,40,38.8,2.58,0,12,1,9,32,55,0,34,0,54,1,0,15,7,13,3,8,0,1,0,0,8,0,0,0,0,0,24,31,0,0,0,0,0,3,51,1,3043,3242,3471,3244.71,426.54,4,43,7,1,54,9.56,0.94,0,55
"2015","MUNICIPIO","171510",74,0,67,1,17,20,19,12,4,1,0,0,73,20,24,28.75,24.85,5.88,0,0,0,0,2,6,4,8,0,62,0,18,56,18,56,71,3,0,1,0,11,62,0,12,62,0,38,39,40,38.49,2.68,0,23,14,12,24,72,2,40,0,72,2,0,8,4,19,11,18,2,0,3,0,9,0,0,0,0,0,38,36,0,0,0,0,0,10,63,1,2817.5,3210,3553.75,3112.05,624.05,9,58,4,1,72,9.64,0.71,1,72
"2015","MUNICIPIO","171515",20,0,19,0,6,4,4,5,1,0,0,0,20,18.75,24.5,31,24.8,6.65,0,0,0,0,1,4,6,1,0,13,0,10,10,7,13,20,0,0,0,0,0,20,0,0,20,0,38.75,39,40,39.2,1.06,0,6,0,3,11,20,0,9,0,19,0,0,4,3,8,0,4,0,0,0,0,0,0,0,0,0,0,8,12,0,0,0,0,0,1,18,1,2833.75,3312.5,3502.5,3238.05,474.25,3,15,2,0,20,9.45,0.6,0,20
"2015","MUNICIPIO","171525",35,0,30,2,9,9,7,5,2,1,0,0,33,19,23,28,24.09,6.59,0,0,0,0,0,2,4,0,0,31,0,16,19,15,20,35,0,0,0,0,2,31,1,2,31,1,38,39,40,38.88,1.53,0,9,4,3,14,35,0,16,0,33,1,1,12,3,6,4,6,0,1,0,1,1,0,0,0,0,0,19,16,0,0,0,0,0,2,32,1,2995,3205,3595,3223.37,513.93,2,29,3,0,35,9.69,0.53,0,35
"2015","MUNICIPIO","171550",17,0,14,0,5,2,6,2,2,0,0,0,17,18,25,27,24.59,6.38,0,0,0,0,2,2,2,0,0,15,0,2,15,7,10,17,0,0,0,0,3,11,3,3,11,3,38,39,40,39,2.37,0,1,1,1,13,17,0,12,0,17,0,0,4,3,4,2,1,0,0,0,0,3,0,0,0,0,0,6,11,0,0,0,0,0,1,16,0,2922,3120,3566,3161.47,431.18,1,14,1,0,17,9.71,0.59,0,16
"2015","MUNICIPIO","171570",48,0,40,1,18,12,7,7,2,1,0,0,47,18,22.5,28,23.23,6.75,0,0,0,0,1,2,1,2,0,44,0,34,13,16,32,46,2,0,0,0,2,43,2,2,43,2,38,38,39,38.57,1.36,0,10,5,11,21,48,0,28,0,46,1,1,9,4,15,7,7,0,0,2,1,2,0,0,0,0,0,24,24,0,0,0,0,0,2,42,4,2905,3157.5,3515,3245.83,562.82,4,34,7,0,45,9.24,0.65,0,48
"2015","MUNICIPIO","171575",79,0,56,2,18,20,17,17,4,1,0,0,77,19.5,24,30.5,24.95,6.58,0,0,0,0,1,3,10,3,1,57,0,24,54,24,55,74,2,0,0,0,13,58,3,13,58,3,37,39,40,38.21,2.33,0,18,7,4,43,75,4,33,0,71,3,0,12,5,15,4,20,0,1,5,0,7,0,0,0,0,0,42,37,0,0,0,0,0,5,69,5,2897,3350,3638,3244.28,572.4,3,50,11,0,79,9.72,0.58,0,74
"2015","MUNICIPIO","171610",860,0,815,10,164,231,224,143,71,17,0,0,850,20,25,30,25.5,6.44,1,0,0,0,57,91,159,20,2,677,0,151,709,319,541,854,6,0,4,11,78,714,52,93,714,52,38,39,40,38.75,2.32,0,169,52,67,560,200,660,413,0,822,35,2,179,84,204,62,207,15,19,5,2,81,0,0,0,0,0,420,440,0,0,0,0,0,59,751,50,2945.75,3280,3590.5,3246.4,537.51,48,672,111,8,848,9.61,0.83,7,852
"2015","MUNICIPIO","171620",153,0,103,0,37,42,40,25,8,1,0,0,153,20,24,29,24.62,6.13,0,0,0,0,4,10,6,18,0,124,0,50,81,41,112,147,6,0,1,2,17,124,4,20,124,4,38,39,40,38.51,2.3,0,49,19,22,49,107,46,90,0,140,8,1,19,13,48,16,23,2,3,6,1,13,0,0,0,0,0,73,80,0,0,0,0,0,13,128,12,2925,3234,3535,3206.8,618.58,11,109,18,1,148,9.61,0.77,2,144
"2015","MUNICIPIO","171630",59,0,51,0,13,18,12,13,2,1,0,0,59,20.5,23,30,24.76,5.84,0,0,0,0,2,9,5,4,1,47,0,37,22,16,43,59,0,0,0,1,2,53,2,3,53,2,38,39,40,38.79,1.77,0,14,9,14,21,59,0,33,0,56,2,0,9,6,19,5,14,1,1,0,0,2,0,0,0,0,0,34,25,0,0,0,0,0,3,52,4,2942.5,3340,3552.5,3272.88,486.43,3,46,8,0,58,9.45,0.6,0,56
"2015","MUNICIPIO","171650",279,0,252,6,73,77,61,42,16,4,0,0,273,19,23,29,24.2,6.44,1,0,0,0,9,28,23,4,2,242,1,162,114,114,165,272,6,0,0,7,33,218,15,40,218,15,38,39,39,38.33,2.39,0,86,46,37,105,53,226,87,0,270,9,0,68,28,56,15,58,2,6,6,0,34,0,0,0,0,0,156,123,0,0,0,0,0,22,239,18,2964,3220,3484,3199.91,583.61,18,214,31,1,278,8.87,0.66,3,275
"2015","MUNICIPIO","171660",128,0,113,0,36,38,29,12,13,0,0,0,128,19,23,28,24.14,6.26,1,0,0,0,3,17,9,11,1,105,0,36,90,42,86,128,0,1,0,1,15,93,12,17,93,12,38,39,40,38.72,2.8,0,34,7,14,65,125,3,58,0,125,3,0,25,8,33,12,24,0,3,0,0,17,0,0,0,0,0,48,80,0,0,0,0,0,9,114,5,2976,3270,3582.5,3240.47,511.22,7,97,15,3,125,9.75,1.03,0,128
"2015","MUNICIPIO","171665",61,0,54,1,14,19,11,13,2,0,0,1,59,20,24,30,24.74,6.64,0,0,0,0,2,10,9,0,0,51,0,21,40,22,39,61,0,0,0,0,4,51,4,4,51,4,38,39,40,39.07,1.98,0,11,7,11,30,60,1,22,0,59,1,0,16,4,13,6,15,1,0,0,0,3,0,0,0,0,0,33,28,0,0,0,0,0,7,53,1,2986,3274,3540,3195.08,460.16,7,44,5,0,61,9.34,0.81,1,59
"2015","MUNICIPIO","171670",116,0,110,5,26,37,26,9,11,2,0,0,111,19,23,28,24.11,6.7,0,0,0,0,6,10,12,0,0,102,0,26,87,51,65,116,0,0,1,1,14,96,4,16,96,4,38,39,40,38.51,2.31,0,21,21,15,59,113,3,38,0,114,2,0,31,16,19,9,23,2,0,0,0,16,0,0,0,0,0,52,64,0,0,0,0,0,5,103,8,2996.5,3330,3667,3318.75,478,4,91,20,1,114,9.22,0.85,1,115
"2015","MUNICIPIO","171700",68,0,58,0,11,23,15,11,5,3,0,0,68,21,24.5,30.25,26.09,6.46,1,0,0,0,0,4,4,3,0,60,0,14,54,10,58,68,0,0,0,1,3,62,1,4,62,1,38,39,40,39.04,1.8,0,20,1,4,41,65,3,31,0,62,4,0,6,3,20,10,19,1,3,0,0,3,0,0,0,0,0,30,38,0,0,0,0,0,4,58,6,3033.75,3297.5,3714.25,3326.12,457.54,4,52,10,1,67,9.66,1.17,0,65
"2015","MUNICIPIO","171720",32,0,29,0,8,11,5,4,4,0,0,0,32,19.5,22.5,29.25,24.56,6.81,0,0,0,0,0,1,2,1,0,29,0,24,8,11,21,30,2,0,0,0,3,29,0,3,29,0,38,39,40,38.88,1.58,0,10,4,5,13,31,1,15,0,30,1,0,7,4,5,5,7,0,0,2,0,1,0,0,0,0,0,14,18,0,0,0,0,0,3,29,0,3142.5,3305,3518.75,3285,450.32,1,25,4,1,30,8.94,0.93,0,32
"2015","MUNICIPIO","171750",74,0,71,0,12,29,16,13,4,0,0,0,74,21,24,28.75,24.7,5.42,0,0,0,0,0,6,11,3,1,57,0,15,59,29,45,74,0,1,0,2,4,65,2,7,65,2,38,39,40,38.42,2.85,0,9,8,11,44,72,2,40,0,70,1,1,15,8,19,7,14,1,0,0,1,7,0,0,0,0,0,41,33,0,0,0,0,0,5,67,2,3068.5,3293,3635.5,3246.92,550.86,4,59,8,0,74,9.76,0.46,0,74
"2015","MUNICIPIO","171780",56,0,52,1,17,16,9,8,4,1,0,0,55,19,23,29,24.18,6.66,1,0,0,0,1,2,2,1,0,53,0,19,37,20,36,55,1,0,0,0,2,52,0,2,52,0,38,39,40,39.02,1.37,0,21,2,4,27,56,0,27,0,55,1,0,11,4,18,6,11,1,0,1,0,2,0,0,0,0,0,31,25,0,0,0,0,0,3,47,6,2858.75,3212.5,3510,3179.96,649.21,7,39,7,0,56,9.68,0.58,0,56
"2015","MUNICIPIO","171790",112,0,98,1,21,36,25,22,6,1,0,0,111,20.75,24,30,25.37,5.96,4,0,0,0,2,5,8,8,1,91,0,32,80,27,85,110,2,0,0,2,9,93,7,11,93,7,38,39,40,38.74,2.21,0,38,5,6,60,107,5,66,0,110,2,0,10,14,37,16,19,0,2,2,0,11,0,0,0,0,0,62,50,0,0,0,0,0,6,97,9,2875,3210,3515,3218.22,471.18,8,83,15,0,110,9.82,0.45,1,109
"2015","MUNICIPIO","171800",47,0,44,0,13,9,12,9,2,1,1,0,47,19,25,30,25.49,7.17,0,0,0,0,1,6,3,7,0,37,0,13,34,16,31,45,2,0,0,0,5,41,1,5,41,1,38,39,40,38.57,2.12,0,14,5,8,18,47,0,29,0,41,6,0,7,6,10,3,11,1,4,2,0,3,0,0,0,0,0,21,26,0,0,0,0,0,2,43,2,2870,3110,3467.5,3184.45,492.34,6,32,7,1,46,9.53,1.02,0,47
"2015","MUNICIPIO","171820",1119,0,942,16,218,319,266,191,96,11,2,0,1103,20,25,30,25.31,6.48,1,0,0,0,107,162,108,81,10,894,4,288,821,435,684,1084,35,0,2,20,140,880,52,162,880,52,38,39,40,38.4,2.47,0,291,103,116,567,293,826,489,0,1060,51,3,182,173,190,132,205,13,31,33,3,127,0,0,0,0,0,575,544,0,0,0,0,0,84,980,55,2960,3250,3550,3221.49,538.06,52,833,146,7,1110,9.73,0.71,5,1090
"2015","MUNICIPIO","171830",132,0,80,1,34,32,30,23,10,2,0,0,131,19,24,30,25.02,6.5,2,0,0,0,2,11,5,3,0,119,0,37,93,39,93,129,2,0,0,2,18,94,8,20,94,8,37,39,40,38.65,2.42,0,26,16,11,40,131,1,67,0,128,4,0,17,12,28,21,22,1,1,2,0,17,0,0,0,0,0,71,61,0,0,0,0,0,11,117,4,2897.5,3175,3482.5,3142.67,507.99,11,94,12,1,126,9.06,0.97,0,131
"2015","MUNICIPIO","171840",52,0,46,2,12,20,10,6,1,0,1,0,50,19,22,26,23.12,6.25,1,0,0,0,5,2,6,0,0,43,0,19,32,21,31,50,2,0,1,0,3,45,2,4,45,2,38,39,39,38.45,2.69,0,12,3,4,33,52,0,12,0,49,2,0,11,5,11,6,12,0,1,2,0,2,0,0,0,0,0,26,26,0,0,0,0,0,1,48,3,3045.25,3294.5,3600.5,3300.88,512.4,0,39,9,2,50,8.92,1.63,1,51
"2015","MUNICIPIO","171845",35,0,32,0,9,9,9,4,4,0,0,0,35,19.5,24,28.5,24.86,6.42,0,0,0,0,1,1,4,1,0,30,0,9,26,16,19,33,2,0,0,0,6,28,1,6,28,1,37,39,40,38.46,2.08,0,6,1,2,26,35,0,24,0,34,1,0,11,4,6,3,5,0,0,2,0,4,0,0,0,0,0,21,14,0,0,0,0,0,3,29,3,2766,3125,3378,3158.57,636.97,2,26,4,0,35,9.74,0.51,0,35
"2015","MUNICIPIO","171850",68,0,55,1,30,21,7,6,2,1,0,0,67,17,20,24,21.76,6.1,2,0,0,0,0,3,3,0,0,64,0,44,21,22,46,68,0,0,1,3,3,56,5,7,56,5,37.75,39,40,38.43,3.13,0,33,6,10,14,61,7,29,0,63,2,0,11,9,16,8,15,1,1,0,0,4,0,0,0,0,0,34,34,0,0,0,0,0,4,62,2,2937.5,3234,3513.5,3187.46,540.8,2,56,6,3,64,8.67,1.27,2,65
"2015","MUNICIPIO","171855",68,0,67,0,22,16,13,15,2,0,0,0,68,19,23.5,29.25,24.13,6.28,0,0,0,0,1,6,3,3,0,62,0,42,26,25,43,68,0,0,1,1,2,64,0,4,64,0,38,39,40,38.65,2.24,0,15,7,9,36,68,0,31,0,68,0,0,14,10,23,5,12,0,0,0,0,4,0,0,0,0,0,33,35,0,0,0,0,0,4,58,6,3043.75,3300,3512.5,3244.26,570.2,3,57,8,0,68,9.19,0.67,0,68
"2015","MUNICIPIO","171865",34,0,28,0,16,11,4,1,2,0,0,0,34,17,20,22.75,21.21,5.59,1,0,0,0,2,1,0,3,0,31,0,12,22,13,21,30,4,0,0,0,8,22,3,8,22,3,37,39,40,38.42,2.39,0,10,1,5,17,34,0,18,0,33,1,0,7,2,7,1,6,0,0,4,0,6,0,0,0,0,0,14,20,0,0,0,0,0,7,25,2,2563.75,3127.5,3473.75,3030.15,637.17,2,23,3,0,34,9.71,0.46,0,34
"2015","MUNICIPIO","171870",25,0,24,2,5,6,6,6,0,0,0,0,23,17,24,29,23.8,6.4,0,0,0,0,1,1,2,1,1,21,0,7,18,7,18,25,0,0,0,0,2,23,0,2,23,0,39,39,40,39.12,1.3,0,7,3,2,13,25,0,12,0,25,0,0,3,3,8,4,5,0,0,0,0,2,0,0,0,0,0,10,15,0,0,0,0,0,1,22,2,2845,3168,3450,3191.52,592.12,2,20,3,0,24,9.5,0.59,2,23
"2015","MUNICIPIO","171875",51,0,45,2,16,10,14,4,4,1,0,0,49,17.5,24,28,23.76,6.86,0,0,0,0,0,3,1,0,0,48,1,17,33,19,32,48,3,0,1,1,3,43,2,5,43,2,38,39,40,38.44,2.97,0,15,2,2,30,51,0,26,0,51,0,0,14,4,15,2,10,0,0,3,0,2,0,0,0,0,0,26,25,0,0,0,0,0,7,44,0,3019.5,3284,3410,3035.96,767.57,4,41,1,2,49,9.24,1.46,1,50
"2015","MUNICIPIO","171880",86,0,39,1,24,32,13,9,7,0,0,0,85,19,22,27,23.24,6.11,0,0,0,0,1,3,1,2,0,80,0,20,64,30,56,84,2,0,0,1,4,67,10,5,67,10,38,39,40,39.18,2,0,13,8,11,21,86,0,42,0,85,0,0,14,13,26,10,12,0,0,2,0,5,0,0,0,0,0,44,42,0,0,0,0,0,4,78,4,3040,3325,3553,3305.87,435.57,5,63,11,0,74,9.31,0.64,0,85
"2015","MUNICIPIO","171884",39,0,28,0,9,11,12,4,3,0,0,0,39,20,24,28,24.54,5.67,1,0,0,0,1,4,8,1,1,22,4,6,30,10,29,38,1,0,0,0,1,37,1,1,37,1,38,39,40,39.05,1.52,0,8,2,1,26,39,0,18,0,36,2,1,5,4,14,1,10,0,2,1,1,1,0,0,0,0,0,18,21,0,0,0,0,0,1,30,8,3053.5,3392,3732.5,3406.1,489.39,2,28,7,1,38,9.31,1.56,0,38
"2015","MUNICIPIO","171886",132,0,122,3,39,33,39,12,5,0,1,0,129,19,23,28,23.36,5.87,0,0,0,0,4,8,12,6,0,108,4,95,37,55,77,128,4,0,1,1,9,121,0,11,121,0,38,39,40,38.58,2.06,0,22,7,25,76,129,3,73,0,121,9,2,24,28,30,18,16,2,5,2,2,5,0,0,0,0,0,71,61,0,0,0,0,0,13,110,9,2898.75,3245,3517.5,3181.32,583.11,14,103,11,2,128,9.04,0.96,4,128
"2015","MUNICIPIO","171888",36,0,32,4,7,10,10,5,0,0,0,0,32,19,22,28.25,22.89,5.73,0,0,0,0,1,1,1,1,0,32,0,19,16,14,22,36,0,0,0,0,2,34,0,2,34,0,38,39,40,38.89,1.41,0,8,1,5,22,36,0,7,0,35,1,0,10,3,9,3,8,1,0,0,0,2,0,0,0,0,0,15,21,0,0,0,0,0,2,34,0,2946,3317.5,3608.75,3266.39,437.99,2,32,2,0,36,8.72,0.74,0,35
"2015","MUNICIPIO","171889",29,0,22,1,5,9,3,7,4,0,0,0,28,21,24,32,25.97,6.68,0,0,0,0,4,1,6,0,0,22,0,4,23,9,20,29,0,0,0,1,2,24,2,3,24,2,38,39,40,38.72,2.33,0,7,0,3,18,29,0,10,0,29,0,0,3,4,4,4,11,0,0,0,0,3,0,0,0,0,0,14,15,0,0,0,0,0,0,27,2,3120,3354,3650,3367.41,423.07,0,22,5,0,29,9.48,0.87,0,27
"2015","MUNICIPIO","171890",85,0,61,1,31,23,16,9,4,1,0,0,84,18,21,28,22.92,5.99,2,0,0,0,1,1,4,17,0,61,0,41,43,37,48,82,2,0,1,0,12,62,5,13,62,5,37.75,39,40,38.51,2.39,0,32,3,5,34,80,5,44,0,83,1,0,14,13,14,6,15,0,1,2,0,13,0,0,0,0,0,44,41,0,0,0,0,0,2,76,7,2980,3260,3596,3276.84,549.63,6,57,12,1,81,9.79,0.7,0,82
"2015","MUNICIPIO","171900",47,0,44,0,14,15,8,5,4,1,0,0,47,19,23,27.5,24.15,6.67,1,0,0,0,0,2,0,9,0,37,0,14,33,15,32,47,0,0,0,0,8,38,0,8,38,0,37,39,40,38.24,2.24,0,15,5,8,18,45,2,35,0,45,1,0,10,1,22,2,2,0,1,0,0,7,0,0,0,0,0,25,22,0,0,0,0,0,8,37,2,2863,3205,3467.5,3125.53,627.53,5,37,3,1,45,9.28,1.13,3,44
"2015","MUNICIPIO","172000",35,0,30,1,7,13,7,4,2,1,0,0,34,20,22,28.5,24.4,6.58,0,0,0,0,1,3,6,1,1,25,0,19,16,17,18,34,1,0,0,0,7,27,1,7,27,1,37.25,39,39,38.32,1.93,0,4,5,7,18,35,0,20,0,33,0,0,7,7,9,0,2,0,0,1,0,7,0,0,0,0,0,18,17,0,0,0,0,0,4,30,1,2837.5,3120,3360,3099.14,445.85,1,31,1,0,34,9.32,0.77,1,34
"2015","MUNICIPIO","172010",95,0,53,0,34,31,16,12,2,0,0,0,95,18,21,27,22.45,5.57,1,0,0,0,0,6,2,1,0,90,0,34,58,43,52,94,1,0,0,1,9,75,8,10,75,8,38,39,41,39.14,2.39,0,14,4,11,37,94,1,62,0,94,1,0,20,16,28,8,9,0,1,1,0,10,0,0,0,0,0,53,42,0,0,0,0,0,5,87,3,2960,3250,3495,3220.44,430.27,7,74,8,0,85,9.32,0.64,1,94
"2015","MUNICIPIO","172015",17,0,17,0,5,5,5,2,0,0,0,0,17,19,22,26,22.88,5.19,0,0,0,0,2,0,0,1,0,16,0,8,9,5,12,17,0,0,0,0,1,16,0,1,16,0,39,40,40,39,2.18,0,2,0,2,13,17,0,9,0,17,0,0,4,1,4,4,3,0,0,0,0,1,0,0,0,0,0,12,5,0,0,0,0,0,2,14,1,3265,3460,3635,3320.65,626.98,1,14,2,1,16,9.35,1.06,0,17
"2015","MUNICIPIO","172020",165,0,143,3,41,41,34,36,9,1,0,0,162,19,24,30,24.61,6.32,1,0,0,0,3,4,9,5,1,149,0,115,50,56,109,161,4,0,0,5,20,126,13,25,126,13,38,39,40,38.84,2.56,0,36,38,15,67,165,0,65,0,157,8,0,19,31,27,30,26,2,4,4,0,22,0,0,0,0,0,81,84,0,0,0,0,0,15,141,9,2850,3195,3535,3178.79,592.2,15,121,17,2,162,9.05,1.02,1,164
"2015","MUNICIPIO","172025",35,0,31,1,12,7,6,4,5,0,0,0,34,17,23,29.5,24.03,7.8,1,0,0,0,0,1,1,3,0,29,0,18,16,14,21,35,0,0,0,0,4,29,1,4,29,1,39,39,40,39,1.84,0,9,2,1,21,34,1,13,0,32,2,0,10,2,7,3,5,1,1,0,0,4,0,0,0,0,0,18,17,0,0,0,0,0,1,33,1,2999,3276,3576,3245.8,436.78,4,28,1,2,33,9.57,1.27,0,35
"2015","MUNICIPIO","172030",83,0,32,1,24,20,19,16,3,0,0,0,82,19,24,29,24.23,6.14,1,0,0,0,2,4,0,2,0,78,0,24,57,25,58,81,2,0,1,0,11,59,8,12,59,8,37.5,39,40,38.85,2.72,0,12,5,7,23,82,1,50,0,80,3,0,13,8,27,9,10,0,1,2,0,9,0,0,0,0,0,48,35,0,0,0,0,0,7,71,5,2925,3260,3500,3230.75,526.88,4,56,11,1,75,9.05,0.92,0,83
"2015","MUNICIPIO","172049",59,0,50,0,19,19,13,5,2,1,0,0,59,18.5,22,26,23.19,5.84,0,0,0,0,0,2,2,5,0,47,0,19,39,24,35,59,0,0,0,2,11,43,3,13,43,3,38,39,40,38.38,2.48,0,15,1,3,37,58,1,28,0,57,0,0,15,3,13,3,12,0,0,0,0,11,0,0,0,0,0,30,29,0,0,0,0,0,2,54,3,2984,3200,3475,3211.1,583.19,5,43,9,1,58,9.56,1.29,1,57
"2015","MUNICIPIO","172065",93,0,75,0,26,27,19,16,4,1,0,0,93,19,22,29,24.03,6.21,0,0,0,0,4,9,4,16,1,70,1,40,52,28,65,88,5,0,0,0,12,72,5,12,72,5,37,38,40,38.45,2.21,0,19,6,8,56,89,4,49,0,90,3,0,9,11,26,9,15,1,1,5,0,12,0,0,0,0,0,49,44,0,0,0,0,0,10,78,5,2944,3205,3560,3159.15,597.08,4,67,10,2,90,9.54,1.39,3,84
"2015","MUNICIPIO","172080",143,0,127,1,37,33,36,26,9,1,0,0,142,19,25,29.5,24.71,6.23,0,0,0,0,5,9,8,2,1,131,0,90,52,52,91,140,3,0,0,1,20,107,15,21,107,15,38,39,40,38.99,2.29,0,23,20,15,81,139,4,68,0,134,8,0,26,16,23,26,23,1,6,3,0,18,0,0,0,0,0,75,68,0,0,0,0,0,18,122,3,2755,3130,3415,3122.17,552.84,14,109,11,1,141,9.18,0.92,3,140
"2015","MUNICIPIO","172085",24,0,18,1,7,7,3,4,1,1,0,0,23,19,23,27,24.17,7.02,0,0,0,0,0,5,2,1,0,20,0,9,15,11,13,24,0,0,0,0,2,18,1,2,18,1,37,39,40,38.43,1.94,0,6,2,1,13,23,1,8,0,24,0,0,7,3,5,1,3,0,0,0,0,2,0,0,0,0,0,12,12,0,0,0,0,0,0,23,1,3173.75,3424,3684,3439.08,350.73,0,17,4,1,22,9.35,1.97,0,23
"2015","MUNICIPIO","172090",186,0,146,2,51,55,32,33,11,2,0,0,184,19,23,29,24.23,6.44,0,0,0,0,5,11,24,22,3,135,0,58,120,63,123,184,2,0,1,2,14,160,7,17,160,7,38,39,40,38.72,2.2,0,60,22,23,62,52,134,99,0,171,5,0,25,22,52,26,30,3,1,2,0,14,0,0,0,0,0,98,88,0,0,0,0,0,9,169,8,2950,3250,3465,3220.35,439.57,14,146,18,5,180,9.53,1.22,1,179
"2015","MUNICIPIO","172093",24,0,23,0,6,6,4,6,2,0,0,0,24,19.5,24,31,25.21,6.85,0,0,0,0,0,3,1,4,0,19,0,8,16,7,17,24,0,0,0,0,3,21,0,3,21,0,37.75,39,39.25,38.54,1.47,0,9,1,2,11,24,0,9,0,24,0,0,2,4,6,7,2,0,0,0,0,3,0,0,0,0,0,13,11,0,0,0,0,0,1,23,0,3071.25,3200,3483.75,3246.04,441.31,2,20,2,0,24,9.71,0.46,0,24
"2015","MUNICIPIO","172097",39,0,33,1,11,6,14,5,2,0,0,0,38,19,25,27.5,24.13,6.04,0,0,0,0,2,6,9,0,0,30,0,16,23,20,19,39,0,0,0,0,7,29,1,7,29,1,37,38,39,38.16,2.17,0,6,0,4,26,39,0,16,0,39,0,0,7,6,6,1,10,0,0,0,0,7,0,0,0,0,0,20,19,0,0,0,0,0,1,35,3,3055,3330,3635,3356.05,458.12,0,31,5,0,39,9.51,0.64,0,39
"2015","MUNICIPIO","172100",5198,0,4968,26,764,1319,1311,1108,555,111,4,0,5172,21,26,31,26.63,6.45,6,0,0,0,589,1089,1084,356,80,3655,7,990,4196,2040,3158,5091,106,3,19,38,432,4671,31,492,4671,31,38,39,40,38.65,2.01,0,993,443,522,3186,111,5087,2180,0,5008,180,5,946,826,957,556,1242,65,80,105,5,406,0,0,0,0,0,2631,2567,0,0,0,0,0,436,4500,262,2920,3235,3545,3199.05,556.07,314,4304,465,30,5137,9.6,0.8,52,5111
"2015","MUNICIPIO","172110",212,0,189,10,63,62,44,20,8,5,0,0,202,18,22,27,23.1,6.59,8,0,0,0,2,3,8,2,0,42,160,47,163,52,160,206,6,0,0,1,16,178,17,17,178,17,38,39,40,39.05,2.11,0,68,34,31,72,209,3,135,0,205,6,0,28,19,80,28,33,0,5,6,0,12,0,0,0,0,0,100,112,0,0,0,0,0,10,176,26,3046.25,3357.5,3672.5,3350.25,548.71,10,150,36,2,208,9.41,0.98,4,208
"2015","MUNICIPIO","172120",481,0,368,13,125,125,110,62,35,10,1,0,468,19,24,29,24.4,6.69,11,0,0,0,20,36,50,37,0,260,111,240,233,167,314,470,10,1,0,10,54,367,29,65,367,29,38,39,40,38.67,2.66,0,97,47,60,240,109,372,308,0,439,17,1,99,25,157,23,59,6,8,10,1,52,0,0,0,0,0,233,248,0,0,0,0,0,33,414,34,2950,3250,3520,3229.53,556.66,29,341,56,4,469,9.69,0.78,7,454
"2015","MUNICIPIO","172125",32,0,26,0,6,8,10,6,1,1,0,0,32,21,26.5,29.25,25.84,6.3,0,0,0,0,0,3,3,0,0,25,0,14,16,9,23,32,0,0,0,0,1,28,3,1,28,3,38,39,39.25,38.94,1.78,0,12,3,7,10,32,0,13,0,32,0,0,7,2,14,1,7,0,0,0,0,1,0,0,0,0,0,15,17,0,0,0,0,0,1,27,4,3100,3354.5,3739,3399.06,514.6,3,22,5,0,32,9,0.76,0,32
"2015","MUNICIPIO","172130",18,0,16,0,4,6,3,2,3,0,0,0,18,20,21,31,25.11,7.33,1,0,0,0,1,0,0,0,0,17,0,4,13,6,12,18,0,0,0,0,0,16,2,0,16,2,39,39,41,39.53,1.87,0,6,3,2,5,17,1,11,0,17,0,0,3,2,4,2,6,0,0,0,0,0,0,0,0,0,0,7,11,0,0,0,0,0,0,17,1,3049.5,3202,3552.5,3301.11,382.51,0,14,2,0,17,9.12,0.6,0,18
"2015","MUNICIPIO","172208",144,0,134,3,31,42,30,25,10,3,0,0,141,20,24,30,24.9,6.56,0,0,0,0,9,13,14,3,0,127,0,108,34,43,101,143,1,0,0,1,9,132,1,10,132,1,38,39,40,38.82,1.6,0,33,14,33,62,143,1,72,0,135,6,0,18,19,37,17,33,2,3,1,0,10,0,0,0,0,0,82,62,0,0,0,0,0,10,127,7,2890,3285,3636.25,3233.5,518.45,13,115,14,0,143,9.18,0.68,2,142
"2015","MUNICIPIO","172210",235,0,201,3,75,75,45,24,11,2,0,0,232,18,22,27,23.18,6.07,0,0,0,0,10,7,14,12,0,207,0,121,113,83,152,233,2,0,1,3,15,197,10,19,197,10,38,39,40,38.74,2.19,0,70,36,37,82,121,114,100,0,219,5,1,37,33,58,19,43,0,5,2,1,18,0,0,0,0,0,118,117,0,0,0,0,0,13,207,15,2874.5,3175,3500,3188.85,521.46,20,180,22,5,230,8.98,0.81,2,233
